Location,Down Date,Product,Description,Mechanic Notes,Attatchment feauture,Status,Part Comment,Product #,Reporter,Category,Last Edited,Last Edited by,Mechanic,1 st attempt date,Edinger Part,Warner Part,Waterfront Part,Yorba Part
Waterfront,10/6/2020,Electric Bike,Broken Mode Buttons,Need to find local seller to buy and get corporates input on it,Maintenance%20Board%20f707a518e7264cea97a5acf15603dbb0/00CFE9B7-634A-4403-868B-DA62E6F1359E.jpeg,Done,,,Rob,,12/30/2020,Robert Mounce,,,,,,
Waterfront,10/6/2020,Infinity Bike,Needs new Spokes,"Replaced 5 infinity rims (total up): 6/9 are up. 3 infinity bikes. Solution: Get four wheels from Edinger. 2 front 2 rear (Stuck front brake line,flat inner tube, needs spokes replaced on all 4 wheels)",,Done,,,Rob,,12/30/2020,Robert Mounce,,,,,,
Waterfront,10/6/2020,Infinity Bike,Needs a kickstand,,,Done,,,Rob,,12/30/2020,Robert Mounce,,,,,,
Waterfront,10/6/2020,Infinity Bike,Rear Shifting nut,Call max to know how to install,,"Done, Received",,,,,1/16/2021,Robert Mounce,,,,,,
Edinger,10/6/2020,Tandem,Needs Bottom Bracket bolt,,,Done,,,,,12/30/2020,Robert Mounce,,,,,,
Edinger,10/6/2020,Cruiser,Handle Bar / Bent back wheel,,,Done,,,,,12/30/2020,Robert Mounce,,,,,,
Edinger,10/6/2020,Single Surrey,Unaligned frame needs to be dropped,"Remove both front wheels and steering lever ,top silver post frames,",,Done,,,,,12/30/2020,Robert Mounce,,,,,,
Edinger,10/6/2020,Single Surrey,Needs spokes to be tightened Rear Left,,,Done,,,,,12/30/2020,Robert Mounce,,,,,,
Edinger,10/6/2020,Swan Boat,Small Leaks in #3,,,Done,,,,,12/30/2020,Robert Mounce,,,,,,
Edinger,10/6/2020,Quad Sport,Chain Skipping (Coaster Brake Adj.),,,Done,,,,,12/30/2020,Robert Mounce,,,,,,
Edinger,10/6/2020,Cruiser,Seat screw isn't staying on seat,,,Done,,,,,12/30/2020,Robert Mounce,,,,,,
Yorba,10/6/2020,Quad Sport,Needs axle key,,,Done,,,,,12/30/2020,Robert Mounce,,,,,,
Yorba,10/6/2020,Double Surrey,Chain fell off,,,Done,,,,,12/30/2020,Robert Mounce,,,,,,
Yorba,10/6/2020,Double Surrey,Brake keeps locking,,,Done,,,,,12/30/2020,Robert Mounce,,,,,,
Yorba,10/6/2020,Quad Sport,Broken rear rim and flat,,,Done,,,,,12/30/2020,Robert Mounce,,,,,,
Yorba,10/6/2020,Quad Sport,Chain,,,Done,,,,,12/30/2020,Robert Mounce,,,,,,
Yorba,10/6/2020,Chopper,Seat fell back all the way,,Maintenance%20Board%20f707a518e7264cea97a5acf15603dbb0/665C9B3A-8CB4-44B5-ADD1-E2EF25BA3351.png,Done,,,,,12/30/2020,Robert Mounce,,,,,,
Yorba,10/6/2020,Double Surrey,Petal,,,Done,,,,,12/30/2020,Robert Mounce,,,,,,
Yorba,10/6/2020,Quad Sport,Broken Rear Rim,,,Done,,,,,12/30/2020,Robert Mounce,,,,,,
Warner,10/6/2020,Single Surrey,Hard to move,,,Done,,,,,12/30/2020,Robert Mounce,,,,,,
Warner,10/6/2020,Double Surrey,Squeaky,,,Done,,,,,12/30/2020,Robert Mounce,,,,,,
Edinger,10/7/2020,Single Surrey,Lime green frame cracking,,Maintenance%20Board%20f707a518e7264cea97a5acf15603dbb0/FD0A5F40-D8EF-49DA-975C-8338DE344D58.jpeg,Done,,,Rob,,12/30/2020,Robert Mounce,,,,,,
Waterfront,10/8/2020,Double Surrey,Chain fell off rear driver side,,,Done,,,Jonathon,,12/30/2020,Robert Mounce,,,,,,
Waterfront,10/9/2020,Chopper,Needs front axle,,,Done,,,Rob,,12/30/2020,Robert Mounce,,,,,,
Edinger,10/15/2020,Deuce Coupe,Needs a new headset,Needs headset bearings,,Done,,,Robert,,1/14/2021,Robert Mounce,,,,,,
Warner,10/19/2020,Double Surrey,Passenger Sprocket needs to be changed,Passenger,,Done,,,,,12/30/2020,Robert Mounce,,,,,,
Warner,10/19/2020,Double Surrey,Wheel is rubbing with frame,Max straightened the frame out with jack just need to get it up with putting the frame on etc.,Maintenance%20Board%20f707a518e7264cea97a5acf15603dbb0/image%2021.jpg,"Done, Planned",,,,,2/12/2021,Robert Mounce,,,,,,
Yorba,10/19/2020,Swan Boat,Drained the boat but need to patch holes #1,Still need to find holes on both pontoons and swan head,Maintenance%20Board%20f707a518e7264cea97a5acf15603dbb0/image%207.jpg,Done,,,,,12/30/2020,Robert Mounce,,,,,,
Waterfront,10/22/2020,Cruiser,tire creates holes in innertube,,,Done,,,Rob,,12/30/2020,Robert Mounce,,,,,,
Waterfront,10/22/2020,Cruiser,Chain fell off,,,Done,,,Robert,,12/30/2020,Robert Mounce,,,,,,
Waterfront,10/22/2020,Cruiser,Broken basket,,,Done,,,,,12/30/2020,Robert Mounce,,,,,,
Waterfront,10/24/2020,Cruiser,Chain fell off,,,Done,,,Norma,,12/30/2020,Robert Mounce,,,,,,
Waterfront,10/26/2020,Electric Bike,Ebike Battery holder,Need special tool(Did we get it)?,"Maintenance%20Board%20f707a518e7264cea97a5acf15603dbb0/451AF1F1-7A61-462E-B41F-838145B36859.jpeg, Maintenance%20Board%20f707a518e7264cea97a5acf15603dbb0/74906095-B52A-44A8-ADB3-0AFC25E479DE.jpeg, Maintenance%20Board%20f707a518e7264cea97a5acf15603dbb0/image%2024.jpg",Received,,,,Down,7/8/2021,Robert Mounce,Robert Mounce,,,,,
Waterfront,10/28/2020,Quad Sport,Quad Sport Rear axle,,,Done,,,,,12/30/2020,Robert Mounce,,,,,,
Waterfront,10/28/2020,Kids Bike,Rear cable brake cable replace,Universal Cable installed onto the rear wheel should send a pic to max to see if I need any other stuff for the bike,,Done,,,,Down,2/8/2021,Robert Mounce,,,,,,
Waterfront,10/31/2020,Cruiser,Kickstand,I have a kickstand there,,Done,,,Robert,,12/30/2020,Robert Mounce,,,,,,
Waterfront,11/5/2020,Electric Bike,Shifting cable is torn by chain,Needed new housing just needs to be adjusted,,Done,,,Robert,,12/30/2020,Robert Mounce,,,,,,
Edinger,11/12/2020,Swan Boat,Leak on left side. Boat #5,Got everything I need at edinger,Maintenance%20Board%20f707a518e7264cea97a5acf15603dbb0/CBCFEBC5-EB0B-43C9-8ECB-233E99CAE6A6.jpeg,Done,,,Nathaniel Huitt,,12/30/2020,Robert Mounce,,,,,,
Yorba,11/12/2020,Swan Boat,Chipped canapé holder,"I ordered a couple to get yorba up but still need them to put them on, but be useless if I dont have any straps.",Maintenance%20Board%20f707a518e7264cea97a5acf15603dbb0/image%208.jpg,"Done, Ordered",,,Robert,Down,2/19/2021,Robert Mounce,,,,,,
Waterfront,11/13/2020,Electric Bike,Chain fell off,Need Special Tool,"Maintenance%20Board%20f707a518e7264cea97a5acf15603dbb0/image%2025.jpg, Maintenance%20Board%20f707a518e7264cea97a5acf15603dbb0/image%2026.jpg, Maintenance%20Board%20f707a518e7264cea97a5acf15603dbb0/image%2027.jpg",Back Order,https://www.notion.so/9-gear-derailer-c0442808e13147db96f7ede9d3dd788d,,,Down,7/21/2021,Robert Mounce,Robert Mounce,"July 22, 2021",,,1,
Waterfront,11/15/2020,Infinity Bike,customer crashed and the wheel squeaks,,,Done,,,Robert Mounce,,12/30/2020,Robert Mounce,,,,,,
Waterfront,11/18/2020,Cruiser,Broken chain and loose seat,,,Done,,,Norma,,12/30/2020,Robert Mounce,,,,,,
Waterfront,11/18/2020,Cruiser,Male cruiser loose seat #1,,,Done,,,Norma,,12/30/2020,Robert Mounce,,,,,,
Waterfront,11/18/2020,Cruiser,Male cruiser loose seat #2,order bulk,,Done,,,Norma,Down,1/2/2021,Robert Mounce,,,,,,
Waterfront,11/18/2020,Cruiser,Male cruiser: flat rear tire,,,Done,,,Norma,,12/30/2020,Robert Mounce,,,,,,
Waterfront,11/18/2020,Electric Bike,"(4550) does not power on, then it does, then it doesn’t, then does, then doesn’t",,Maintenance%20Board%20f707a518e7264cea97a5acf15603dbb0/A55C289D-4CE9-4344-AFF6-95E202B81CA9.jpeg,Done,,,Norma,Down,1/24/2021,Robert Mounce,,,,,,
Yorba,11/23/2020,Single Surrey,Needs brake adj./ 17 brake screw nut,Almost done,"Maintenance%20Board%20f707a518e7264cea97a5acf15603dbb0/image%209.jpg, Maintenance%20Board%20f707a518e7264cea97a5acf15603dbb0/image%2010.jpg",Done,,,,Down,12/31/2020,Robert Mounce,,,,,,
Warner,11/23/2020,Double Surrey,Right Driver broken frame,Got replacement at waterfront,Maintenance%20Board%20f707a518e7264cea97a5acf15603dbb0/image%2022.jpg,Done,,,Rob,,2/8/2021,Robert Mounce,,,,,,
Yorba,11/26/2020,Double Surrey,Missing right wheel spokes,,Maintenance%20Board%20f707a518e7264cea97a5acf15603dbb0/image%2011.jpg,Done,,,Robert,,12/30/2020,Robert Mounce,,,,,,
Yorba,11/26/2020,Double Surrey,Broken pedal,,,Done,,,Joel,,12/30/2020,Robert Mounce,,,,,,
Waterfront,12/3/2020,Cruiser,Cruiser Chain,,,Done,,,,,12/30/2020,Robert Mounce,,,,,,
Waterfront,12/3/2020,Single Surrey,The passenger back wheel is squeaking really loud.,brake to tight,,Done,,,Ally,Down,6/20/2021,Robert Mounce,,,,,,
Yorba,12/3/2020,Chopper,Steering is tough to turn,"Chopper to nut is to tight, so loosen it. Also drill a new hole on the fork for it to sit lower",,Done,,,,Down,1/25/2021,Robert Mounce,,,,,,
Yorba,12/3/2020,Quad Sport,Needs tire/ innertube,,,Done,,,,,12/30/2020,Robert Mounce,,,,,,
Edinger,12/5/2020,Chopper,Right Tire squeaking loudley,,,Done,,,Nathaniel Huitt,,1/14/2021,Robert Mounce,,,,,,
Yorba,12/6/2020,Single Surrey,Driver side chain not working (red single),,Maintenance%20Board%20f707a518e7264cea97a5acf15603dbb0/image%2012.jpg,Done,,,Joel,,12/30/2020,Robert Mounce,,,,,,
Yorba,12/9/2020,Quad Sport,won't pedal,Needs axle nut,,Done,https://www.notion.so/Axle-Nut-Shimano-dd48bc68e4e34bc79854d52df469d1c1,,Ariana,Down,12/31/2020,Robert Mounce,,,,,,
Edinger,12/11/2020,Double Surrey,Needs steering nut 17,,,Done,,,Robert,,12/30/2020,Robert Mounce,,,,,,
Edinger,12/12/2020,Chopper,Loose chain,,,Done,,,Norma,,12/30/2020,Robert Mounce,,,,,,
Waterfront,12/12/2020,Electric Bike,Screen display disconnected,try different screen,,Done,,,Vincent,Down,1/15/2021,Robert Mounce,,,,,,
Waterfront,12/12/2020,Infinity Bike,Front rotor (rust/bent) I think,Front wheel axle rod is stripped,,Done,,,Vincent,Down,6/20/2021,Robert Mounce,,,,,,
Waterfront,12/12/2020,Infinity Bike,Tension cable came out,,,Done,,,Vincent,,12/30/2020,Robert Mounce,,,,,,
Edinger,12/14/2020,Double Surrey,Flat tire,,,Done,,,Nathan,,12/30/2020,Robert Mounce,,,,,,
Edinger,12/14/2020,Double Surrey,Vendor rubbing front passenger side,,,Done,,,Robert,,12/30/2020,Robert Mounce,,,,,,
Edinger,12/14/2020,Chopper,Chain came undone,,,Done,,,Rob,,12/30/2020,Robert Mounce,,,,,,
Edinger,12/19/2020,Quad Sport,Flat tire. Front right,,,Done,,,Nathaniel Huitt,,12/30/2020,Robert Mounce,,,,,,
Waterfront,12/21/2020,Single Surrey,Break gets stuck and become extremely hard to push back up,clean 17 loc tight the nut,,Done,,,Norma,Down,6/20/2021,Robert Mounce,,,,,,
Waterfront,12/21/2020,Cruiser,Flat rear tire/ already tried pumping it up and it slowly starts to deflate again,,,Done,,,Norma,,12/30/2020,Robert Mounce,,,,,,
Edinger,12/22/2020,Double Surrey,Brake line snapped,,,Done,,,Nathaniel Huitt,,12/30/2020,Robert Mounce,,,,,,
Waterfront,12/23/2020,Cruiser,Back tire keeps deflating even after pumping,,,Done,,,Ally,,12/30/2020,Robert Mounce,,,,,,
Edinger,12/24/2020,Deuce Coupe,Steering bar not aligned,,,Done,,,Nathaniel Huitt,,12/30/2020,Robert Mounce,,,,,,
Waterfront,12/25/2020,Cruiser,It’s very difficult to peddle possibly something wrong with the chain. The person crashed it.,adj wheel rim,,Done,,,Ally,Down,6/20/2021,Robert Mounce,,,,,,
Waterfront,12/25/2020,Chopper,"Flat tire, keeps deflating.",,,Done,,,Ally,,12/30/2020,Robert Mounce,,,,,,
Edinger,12/30/2020,Double Surrey,Bald Tires,,,Done,,3,Robert,Down,6/27/2021,Robert Mounce,Robert Mounce,,,,,
Yorba,12/31/2020,Double Surrey,Loose seat/ front basket,,,Done,,,Robert,Down,6/27/2021,Robert Mounce,Robert Mounce,,,,,
Yorba,12/31/2020,Single Surrey,Driver side difficult to pedal,,,Done,,,,Down,12/31/2020,Robert Mounce,,,,,,
Yorba,12/31/2020,Swan Boat,Tipping on left side,,,Done,,4,Robert,Down,1/13/2021,Robert Mounce,,,,,,
Waterfront,1/3/2021,Deuce Coupe,Flat front tire,,,Done,,#,Vincent,Down,1/3/2021,Jonathan Soliz,,,,,,
Waterfront,1/5/2021,Single Surrey,Brake adjustment,,,Done,,6,Robert,Down,6/20/2021,Robert Mounce,,,,,,
Edinger,1/5/2021,Single Surrey,Broken silver frame,I have the part at waterfront need to pick it up,,"Done, Received",,Na,Robert,Down,2/3/2021,Robert Mounce,,,,,,
Waterfront,1/5/2021,Deuce Coupe,Needs new headset,Needs a new model head set (Threadless),,"Done, Received",,Na,Robert,Down,2/2/2021,Robert Mounce,,,,,,
Waterfront,1/6/2021,Single Surrey,Front flat tire,,,Done,,:),Norma,Down,1/11/2021,Robert Mounce,,,,,,
Yorba,1/7/2021,Double Surrey,Back passenger side metal scrapping😰,,,Done,,8,Evelyn,Down,6/27/2021,Robert Mounce,Robert Mounce,,,,,
Waterfront,1/8/2021,Single Surrey,Brake handle is stuck,Max said having the nut above but still okay to rent,,Done,,Idk tbh,Ally,Down,1/24/2021,Robert Mounce,,,,,,
Waterfront,1/8/2021,Cruiser,Back tire flat,,,Done,,Idk again,Ally,Down,1/12/2021,Jonathan Soliz,,,,,,
Waterfront,1/9/2021,Cruiser,Coaster brake slipping,I have a spare rim but silver and not black,,"Done, Next Week",,,Jonathan,Down,6/20/2021,Robert Mounce,,,,,,
Waterfront,1/9/2021,Cruiser,Male cruiser chain snapped,,,Done,,,Jonathan,Down,1/15/2021,Robert Mounce,,,,,,
Edinger,1/9/2021,Double Surrey,Chain completely fell off,,,Done,,Idk,Norma,Down,1/14/2021,Robert Mounce,,,,,,
Edinger,1/9/2021,Single Surrey,Flat front tire,,,Done,,Green,Norma,Down,1/14/2021,Robert Mounce,,,,,,
Yorba,1/10/2021,Double Surrey,Loud Screeching while pedaling,,,Done,,8,Arua,Down,1/13/2021,Robert Mounce,,,,,,
Edinger,1/12/2021,Double Surrey,Rear brakes are engaging,,,Done,,Green,Norma,Down,6/27/2021,Robert Mounce,Robert Mounce,,,,,
Edinger,1/12/2021,Double Surrey,Loud screech rear bike,,,Done,https://www.notion.so/Surrey-Rear-wheel-bearing-bcdc9fd9bedd42889a4a4cd26ba06c94,4,Norma,Down,1/14/2021,Robert Mounce,,,,,,
Waterfront,1/13/2021,Cruiser,"Front tire loose bolt, can’t tighten",Front wheel rim bad. The axle is stripped.,,Done,,Female Crusiers,Norma,Down,2/2/2021,Jonathan Soliz,,,,,,
Waterfront,1/13/2021,Cruiser,Bolt keeps tightening rear tire,,,Done,,Male cruiser,Norma,Down,1/16/2021,Robert Mounce,,,,,,
Yorba,1/14/2021,Double Surrey,Needs Brake Nuts,"I have a bag of them, so should be able to get that bike up and running",,Done,,,Robert,Down,1/18/2021,Robert Mounce,,,,,,
Edinger,1/14/2021,Cruiser,Cruiser seat,Needs a new cruiser seat because the plastic broke off from the screw.,,Done,,,Robert,Down,2/1/2021,Robert Mounce,,,,,,
Edinger,1/14/2021,Swan Boat,Tipping right side,Water low will see if i can still pull it out. Tried to bring it up 1/16 but was way to heavy to lift by myself. So will need to have someone with me to help pick it up. But I believe its the number 7 swan.,,"Done, Planned",,7,Robert,Down,2/17/2021,Robert Mounce,,,,,,
Edinger,1/14/2021,Swan Boat,Broken strap,,,"Done, Next Week, Received",,46,Rpbert,Down,2/8/2021,Robert Mounce,,,,,,
Edinger,1/14/2021,Swan Boat,Tipping,,,Done,,3,Robert,Down,1/16/2021,Robert Mounce,,,,,,
Edinger,1/14/2021,Swan Boat,Broken straps,,,"Done, Next Week, Received",,50,Robert,Down,2/8/2021,Robert Mounce,,,,,,
Edinger,1/16/2021,Swan Boat,Right Pontoon Leaking,Water may be to low to install,,"Done, Next Week",,2,Nathan,Down,2/8/2021,Robert Mounce,,,,,,
Yorba,1/16/2021,Single Surrey,Broken pedal,,,Done,,1,Joel,Down,1/18/2021,Robert Mounce,,,,,,
Yorba,1/17/2021,Double Surrey,Popped tire,,,Done,,0,Evelyn,Down,1/18/2021,Robert Mounce,,,,,,
Warner,1/17/2021,Cruiser,Popped tire (front),,,Done,,Tape on cruiser (stating issue),Coco,Down,2/4/2021,Robert Mounce,,,,,,
Warner,1/17/2021,Quad Sport,Missing bolt front axel,Needs to connect silver front plate to steering axle,Maintenance%20Board%20f707a518e7264cea97a5acf15603dbb0/image%2023.jpg,Done,,Tape stating the issue,Coco,Down,2/8/2021,Robert Mounce,,,,,,
Waterfront,1/18/2021,Double Surrey,Busted passenger bearing,Needs a new bearing,,Done,https://www.notion.so/Surrey-Rear-wheel-bearing-bcdc9fd9bedd42889a4a4cd26ba06c94,Blue; 11,Norma,Down,2/11/2021,Robert Mounce,,,,,,
Yorba,1/18/2021,Swan Boat,Canapé snapped off,Need to epoxy screws back on. But taking off all small,"Maintenance%20Board%20f707a518e7264cea97a5acf15603dbb0/image%2013.jpg, Maintenance%20Board%20f707a518e7264cea97a5acf15603dbb0/image%2014.jpg, Maintenance%20Board%20f707a518e7264cea97a5acf15603dbb0/image%2015.jpg","Done, Ordered",,5,Robert,Down,2/19/2021,Robert Mounce,,,,,,
Waterfront,1/18/2021,Cruiser,Seat keeps getting loose,Getting a screw or bolt to keep them tight,,"Done, Planned",,N/a,Norma,Down,2/8/2021,Robert Mounce,,,,,,
Waterfront,1/18/2021,Chopper,New small chain sprocket/ Axle,,,Done,"https://www.notion.so/Small-chain-Sprocket-cb9d4e66b60b4f71bfc58d61be8d8026, https://www.notion.so/Specialty-Rear-Axle-b3eb00ca705c47e99d1a610d2f0d41aa, https://www.notion.so/Specialty-Rear-Bearings-a806dc7efb0c43a2af7ae8171bc7c536",,Ally,Down,2/2/2021,Robert Mounce,,,,,,4
Waterfront,1/18/2021,Cruiser,Loose seat,Getting a screw or bolt to keep seat straight,,Done,,Male,Norma,Down,2/8/2021,Robert Mounce,,,,,,
Yorba,1/20/2021,Chopper,Needs new bearing,I have a headset for the other chopper but will use the bearings on that to install on the chopper that needs new bearings,"Maintenance%20Board%20f707a518e7264cea97a5acf15603dbb0/image%2016.jpg, Maintenance%20Board%20f707a518e7264cea97a5acf15603dbb0/image%2017.jpg",Done,,0,Robert,Down,1/25/2021,Robert Mounce,,,,,,
Waterfront,1/24/2021,Cruiser,Cruiser top nuts,Got a lot of the cruisers at waterfront done,,"Done, Ordered",https://www.notion.so/Cruiser-black-nuts-22e423841ca74b59a3aa075df52d144c,,,Down,6/20/2021,Robert Mounce,,,,,,
Yorba,1/24/2021,Double Surrey,Surrey Brake Adjustment,,,Done,,,,Down,6/27/2021,Robert Mounce,Robert Mounce,,,,,
Waterfront,1/24/2021,,Cruiser Logo Plates,,,Done,,,,Down,6/20/2021,Robert Mounce,,,,,,
Waterfront,1/24/2021,,E bike shifting cable adj.,,,Done,,,,Down,6/20/2021,Robert Mounce,,,,,,
Warner,1/24/2021,Double Surrey,Surrey Brake Adjustment,,,Done,,,,Down,6/27/2021,Robert Mounce,Jonathan Soliz,,,,,
Waterfront,1/26/2021,Double Surrey,Squeaky drivers side back wheel,,,Done,,,Ally,Down,6/20/2021,Robert Mounce,,,,,,
Waterfront,1/26/2021,Double Surrey,Squeaky back passenger wheel,,,Done,,10,Ally,Down,6/20/2021,Robert Mounce,,,,,,
Waterfront,1/26/2021,Cruiser,Back tire rubbing,Ally might've worked on it,,Done,,N/a,Ally,Down,2/12/2021,Alexandra Reyes Gomez,,,,,,
Edinger,1/30/2021,Single Surrey,Needs brake adjustment,,,"Done, Planned",,2,Norma,Down,6/27/2021,Robert Mounce,Robert Mounce,,,,,
Edinger,1/30/2021,Quad Sport,Bald tire,,,"Done, Planned",,1,Norma,Down,6/27/2021,Robert Mounce,Robert Mounce,,,,,
Edinger,1/30/2021,Cruiser,Back tire rubbing on frame,,,Done,,1,Norma,,2/11/2021,Robert Mounce,,,,,,
Edinger,1/31/2021,Deuce Coupe,Steering not aligned,,,Done,,1,Nathan,,2/4/2021,Robert Mounce,,,,,,
Edinger,1/31/2021,Double Surrey,Front left wheel bent,,,Done,,9,Nathan,Down,6/27/2021,Robert Mounce,Robert Mounce,,,,,
Edinger,1/31/2021,Double Surrey,Back left wheel bent,,,Done,,4,Nathan,Down,2/4/2021,Robert Mounce,,,,,,
Warner,1/31/2021,Deuce Coupe,Missing brake bolt,..Not to sure,,"Done, Planned",,13,Coco,Down,4/5/2021,Robert Mounce,,,,,,
Warner,1/31/2021,Cruiser,Chain loose,,,Done,,4,Coco,Down,2/4/2021,Robert Mounce,,,,,,
Edinger,2/6/2021,Single Surrey,Flat front passenger,,,Done,,7,Norma,Down,2/11/2021,Robert Mounce,,,,,,
Edinger,2/6/2021,Cruiser,Rear tire hitting frame,,,Done,,7,Norma,Down,2/11/2021,Robert Mounce,,,,,,
Edinger,2/8/2021,Single Surrey,Loud grinding noise,Check if the plate is straight or pins,,Done,,5,Nathan,,4/17/2021,Robert Mounce,,,,,,
Warner,2/13/2021,Double Surrey,Frame damage/ front left crank,,,Done,,N/a,Nathan,Down,4/5/2021,Robert Mounce,,,,,,
Waterfront,2/13/2021,Infinity Bike,Gear cable for infinity bike,,,Done,,,,Down,3/18/2021,Jonathan Soliz,,,,,,
Waterfront,2/13/2021,Infinity Bike,Gear shifting cable snapped,,,Done,,,,Down,2/26/2021,Robert Mounce,,,,,,
Edinger,2/14/2021,Double Surrey,"Frame damage to front fender , passenger front fender disconnected",I didn't see it but will look again,,"Corporate, Done",,,Jonathan,Down,6/27/2021,Robert Mounce,Robert Mounce,,,,,
Waterfront,2/14/2021,Double Surrey,Needs brake adjustment,,,Done,,Blue #10,Ally,Down,2/19/2021,Robert Mounce,,,,,,
Waterfront,2/14/2021,Cruiser,Back tire coming off,,,Done,,N/a,Ally,Down,2/26/2021,Robert Mounce,,,,,,
Waterfront,2/14/2021,Single Surrey,Bald passenger tire,,,Done,,2,Robert,Down,6/20/2021,Robert Mounce,,,,,,
Waterfront,2/14/2021,Cruiser,Hub skipping ( new rim),,,"Done, Ordered",https://www.notion.so/Cruiser-rear-rim-3c4cafbd47df465d8b5d57b5c94e6790,Na,Robert,Down,2/26/2021,Robert Mounce,,,,,,
Edinger,2/15/2021,Double Surrey,Passenger brake line snapped,,,Done,,6,Rob,Down,2/17/2021,Robert Mounce,,,,,,
Yorba,2/19/2021,Swan Boat,Boat is leaning towards one side,,,"Done, Planned",,6,Ariana,Down,3/22/2021,Robert Mounce,,,,,,
Waterfront,2/20/2021,Double Surrey,Broken chain,,,Done,,10,Ally,Down,2/26/2021,Robert Mounce,,,,,,
Waterfront,2/21/2021,Infinity Bike,Shifting gear not working,Internals of the shifter (Call Max to get it fixed),,"Corporate, Done",,N/a,Norma & Vincent,Down,6/24/2021,Robert Mounce,,"June 15, 2021",,,,
Waterfront,2/21/2021,Cruiser,Broken kickstand,,,Done,,Female n/a,Norma,Down,2/26/2021,Robert Mounce,,,,,,
Warner,2/21/2021,Cruiser,Crooked handle bars. Not aligned with the front tire,,,Done,,Female n/A,Norma,Down,4/14/2021,Robert Mounce,,,,,,
Edinger,2/21/2021,Double Surrey,Front right chain not catching,,,Done,,9,Nathan,Down,2/26/2021,Robert Mounce,,,,,,
Edinger,2/21/2021,Quad Sport,Seat not bolted down,,,Done,,1,Nathan,Down,2/26/2021,Robert Mounce,,,,,,
Edinger,2/21/2021,Deuce Coupe,Front wheel flat,,,Done,,2,Nathan,Down,2/26/2021,Robert Mounce,,,,,,
Waterfront,2/26/2021,Double Surrey,Needs brake adjustment,,,Done,,n/a,Evan,Down,6/20/2021,Robert Mounce,,,,,,
Edinger,2/27/2021,Swan Boat,Right pontoon leak,,,Done,,6,Nathan,Down,4/10/2021,Robert Mounce,,,,,,
Edinger,2/28/2021,Cruiser,Rear tire hitting frame (bent frame),,,Done,,1,Coco,Down,3/16/2021,Robert Mounce,,,,,,
Yorba,2/28/2021,Quad Sport,Flat tire,,,Done,,1,Joel,Down,3/10/2021,Robert Mounce,,,,,,
Waterfront,2/28/2021,Quad Sport,little Chain broke off,,,Done,,;),Bryant Amador,Down,3/8/2021,Robert Mounce,,,,,,
Waterfront,3/1/2021,Cruiser,Chains needs to be tightened,,,Done,,7 cruisers,Ally,Down,6/20/2021,Robert Mounce,,,,,,
Warner,3/2/2021,Quad Sport,Needs rear axle Rod,Rear axle key tire up axle rod,,"Done, Received",https://www.notion.so/Specialty-Rear-Axle-b3eb00ca705c47e99d1a610d2f0d41aa,,,Down,4/13/2021,Robert Mounce,,,,,,
Waterfront,3/6/2021,Double Surrey,Broken chain,,,Done,,N/a,Evan,Down,3/18/2021,Jonathan Soliz,,,,,,
Edinger,3/7/2021,Single Surrey,Brake applying by itself,,,Done,,3,Joel,Down,3/16/2021,Robert Mounce,,,,,,
Waterfront,3/7/2021,Cruiser,Wobbly back tire,Need coaster brake snap ring,,"Done, Received",,N/A,Tyler,Down,5/31/2021,Robert Mounce,,,,,,
Waterfront,3/7/2021,Double Surrey,Drivers side back Pedal broken,,,Done,,N/a,Ally,Down,3/24/2021,Robert Mounce,,,,,,
Edinger,3/7/2021,Cruiser,Broken chain,,,Done,,2,Brandon,Down,3/16/2021,Robert Mounce,,,,,,
Waterfront,3/7/2021,Single Surrey,Passenger front tire wobbly,Will check it out,,Done,,5,Ally,,5/10/2021,Robert Mounce,,,,,,
Waterfront,3/7/2021,Infinity Bike,Back tire rubbing frame,,,Done,,N/a,Ally,Down,6/20/2021,Robert Mounce,,,,,,
Waterfront,3/8/2021,Cruiser,Loose chains,,,Done,,"1,2,13,14,12,11,10,6",Ally,Down,6/20/2021,Robert Mounce,,,,,,
Waterfront,3/10/2021,Deuce Coupe,flat tire,,,Done,,0,Bryant Amador,Down,6/20/2021,Robert Mounce,,,,,,
Edinger,3/11/2021,Deuce Coupe,left chain,,,Done,,,,Down,3/16/2021,Robert Mounce,,,,,,
Edinger,3/13/2021,Cruiser,Loose chain,,,Done,,5,Norma,Down,3/16/2021,Robert Mounce,,,,,,
Yorba,3/13/2021,Double Surrey,Bent driver outside pedal,,,Done,,5,Joel,Down,4/5/2021,Robert Mounce,,,,,,
Edinger,3/14/2021,Double Surrey,Chain skipping on rear passenger side,,,Done,,8,Gregorio,Down,3/16/2021,Robert Mounce,,,,,,
Edinger,3/14/2021,Double Surrey,Making sound,,,Done,,10,Norma,,3/16/2021,Robert Mounce,,,,,,
Edinger,3/14/2021,Double Surrey,Sound coming from rear passenger side,"Check plate is Straight and or pins, And pads, Check tru of the wheel. Brake pad adjustment. 1 full revolution back from tightening.",,Done,,5,Norma,,4/17/2021,Robert Mounce,,,,,,
Waterfront,3/17/2021,Quad Sport,"the steering is off, couple bolts fell off.",,,Done,,N/a,BRYANT AMADOR,Down,3/19/2021,Robert Mounce,,,,,,
Edinger,3/19/2021,Chopper,Back left tire is releasing air,,,Done,,2,Gregorio,Down,3/23/2021,Jonathan Soliz,,,,,,
Waterfront,3/19/2021,Double Surrey,the drivers pedal is broke,,,Done,,N/a,bryant,Down,3/24/2021,Robert Mounce,,,,,,
Yorba,3/20/2021,Chopper,Pedals won't move,,,Done,,4,Joel,Down,3/26/2021,Robert Mounce,,,,,,
Edinger,3/21/2021,Quad Sport,Flat tire,,,Done,,1,Norma,Down,3/23/2021,Jonathan Soliz,,,,,,
Edinger,3/21/2021,Deuce Coupe,Chain fell off,,,Done,,2,Norma,Down,3/23/2021,Jonathan Soliz,,,,,,
Waterfront,3/21/2021,Tandem,Need new back handle bars,Corporate Scraping off of another bike,,"Back Order, Done, Ordered",,,,Down,5/28/2021,Robert Mounce,,,,,,
Yorba,3/22/2021,Double Surrey,Brake line r/p,,,"Done, Planned",,1,Robert,Down,5/11/2021,Robert Mounce,,,,,,
Edinger,3/23/2021,Cruiser,Rim replacement,Need kit grab from Waterfront,,Done,,3,Gregorio,Down,7/10/2021,Jonathan Soliz,Jonathan Soliz,"July 10, 2021",,,,
Yorba,3/24/2021,Double Surrey,Broken pedal,,,Done,,2,Joel,Down,4/5/2021,Robert Mounce,,,,,,
Waterfront,3/26/2021,Deuce Coupe,Drivers side pedal is not working,,,Done,,2,Ally,Down,4/5/2021,Robert Mounce,,,,,,
Edinger,3/27/2021,Deuce Coupe,Front tire flat,,,Done,,2,Nathan,Down,3/31/2021,Robert Mounce,,,,,,
Edinger,3/27/2021,Swan Boat,Right pontoon,,,Done,,5,Nathan,Down,4/10/2021,Robert Mounce,,,,,,
Yorba,3/28/2021,Quad Sport,Rim replacement FrontRT,,,"Done, Planned",,1,ariana,Down,4/21/2021,Robert Mounce,,,,,,
Waterfront,3/29/2021,Single Surrey,Back passenger side wheel keeps deflating,,,Done,,3,Ally,Down,4/5/2021,Robert Mounce,,,,,,
Waterfront,3/29/2021,Double Surrey,Drivers side back pedal extremely bent,,,Done,,8,Ally,Down,4/5/2021,Robert Mounce,,,,,,
Waterfront,3/29/2021,Cruiser,"The seat keeps loosening a lot to the point it fell off, even after tightening.",Need to find a solution for cruiser seats,,Done,,#1,Ally,,5/25/2021,Robert Mounce,,,,,,
Edinger,3/30/2021,Double Surrey,Right bake pedal fell off,,,Done,,9,Brandon,,4/5/2021,Robert Mounce,,,,,,
Waterfront,3/31/2021,Cruiser,Wobbly back tire,Need ring set bag,,"Done, Received",https://www.notion.so/Cruiser-rear-rim-3c4cafbd47df465d8b5d57b5c94e6790,5,Ally,Down,6/4/2021,Robert Mounce,,"June 4, 2021 10:00 AM-12:15 PM",,,,
Edinger,4/6/2021,Cruiser,Loose Handle Bars,,,Done,,7,Gregorio,Down,6/27/2021,Robert Mounce,Robert Mounce,,,,,
Edinger,4/6/2021,Quad Sport,Sprocket pedal Replacement,Corporate,"Maintenance%20Board%20f707a518e7264cea97a5acf15603dbb0/image.jpg, Maintenance%20Board%20f707a518e7264cea97a5acf15603dbb0/image%201.jpg",Corporate,https://www.notion.so/Quad-Bottom-Bracket-b3c6180681c7419c890c0f518bc33906,2,Brandon Ortega,Down,7/26/2021,Robert Mounce,,,,,,
Edinger,4/6/2021,Double Surrey,Passenger Rear Flat,,,Done,,9,Brandon Ortega,Down,4/10/2021,Robert Mounce,,,,,,
Edinger,4/6/2021,Swan Boat,Left Side Sinking,,,Done,,6,Norma,Down,4/10/2021,Robert Mounce,,,,,,
Edinger,4/6/2021,Double Surrey,Right Back Pedal Fell Off,,,Done,,4,Brandon Ortega,Down,4/10/2021,Robert Mounce,,,,,,
Edinger,4/7/2021,Deuce Coupe,Chain fell off,,,Done,,1,Norma,Down,4/10/2021,Robert Mounce,,,,,,
Edinger,4/10/2021,Chopper,Rear wheel replacement,Needs replacement,,"Done, Ordered",,,Rob,Down,4/13/2021,Robert Mounce,,,,,,
Yorba,4/10/2021,Single Surrey,Brake making noise,"Check alignment, frame and set screw for caliper",,Done,,9,Jodl,Down,5/17/2021,Jonathan Soliz,,,,,,
Warner,4/11/2021,Double Surrey,Steering wheel not working,,,Done,,N/a,Norma,Down,4/13/2021,Robert Mounce,,,,,,
Warner,4/11/2021,Single Surrey,Stripped crank,,,Done,,Red,Norma,Down,4/13/2021,Robert Mounce,,,,,,
Waterfront,4/13/2021,Double Surrey,Needs brake adjustment,,,Done,,9,Cesar,Down,6/20/2021,Robert Mounce,,,,,,
Edinger,4/15/2021,Tandem,Front seat wont tighten,,,Done,,1,Nathan,,4/17/2021,Robert Mounce,,,,,,
Edinger,4/15/2021,Single Surrey,Brake catching,,,Done,,11,Nathan,Down,4/17/2021,Robert Mounce,,,,,,
Yorba,4/18/2021,Quad Sport,Flat tire,,,Done,,4,Ariana,Down,4/21/2021,Robert Mounce,,,,,,
Yorba,4/18/2021,Quad Sport,Tire Came off,,,Done,,0,Arua,Down,4/21/2021,Robert Mounce,,,,,,
Yorba,4/18/2021,Double Surrey,Pedal broken,,,Done,,4,Joel,Down,4/21/2021,Robert Mounce,,,,,,
Yorba,4/18/2021,Double Surrey,Chain,,,Done,,8,Joel,Down,5/17/2021,Jonathan Soliz,,,,,,
Waterfront,4/18/2021,Chopper,Little chain fell off. Still on bike,,,Done,,1,Norma,Down,5/4/2021,Robert Mounce,,,,,,
Waterfront,4/18/2021,Infinity Bike,Kickstand broken,,,Done,,5,Evan,,5/20/2021,Robert Mounce,,,,,,
Waterfront,4/19/2021,Double Surrey,Front passenger tire flat,,,Done,,9,Ally,Down,5/4/2021,Robert Mounce,,,,,,
Waterfront,4/21/2021,Single Surrey,the tire is off the rim,Need a new rim,,Done,,5,Bryant,Down,5/8/2021,Robert Mounce,,,,,,
Edinger,4/22/2021,Quad Sport,Right frame damage,R260 frame part,,Done,,,,Down,6/27/2021,Robert Mounce,Robert Mounce,,,,,
Waterfront,4/24/2021,Single Surrey,tire is flat,,,Done,,6,Bryant,Down,5/4/2021,Robert Mounce,,,,,,
Yorba,4/25/2021,Double Surrey,Pedal broken,,,Done,,4,Joel,Down,5/11/2021,Robert Mounce,,,,,,
Edinger,4/25/2021,Cruiser,Broken kickstand,,,Done,,1,Gregorio,Down,5/24/2021,Robert Mounce,,,,,,
Waterfront,4/25/2021,Cruiser,Flat back tire,,,Done,,17,Evan,Down,6/20/2021,Robert Mounce,,,,,,
Yorba,4/28/2021,Swan Boat,Turning in circles,,,Done,,4,Joel,Down,5/4/2021,Robert Mounce,,,,,,
Waterfront,4/30/2021,Quad Sport,rear broken rim,,,Done,,2,bryant,Down,5/4/2021,Robert Mounce,,,,,,
Waterfront,5/1/2021,Single Surrey,"really loud, something whth the chain",,,Done,,4,Bryant,Down,5/8/2021,Robert Mounce,,,,,,
Warner,5/2/2021,Double Surrey,Passenger side brake adj,,,Done,,Repair tag #7316,Coco,Down,5/24/2021,Robert Mounce,,,,,,
Warner,5/2/2021,Cruiser,Kick stand broke,,,Done,,Repair tag #7312,Coco,Down,7/1/2021,Jonathan Soliz,Jonathan Soliz,,,,,
Warner,5/2/2021,Double Surrey,Passenger rear side crank bent,,,Done,,Repair tag #7314,Coco,Down,5/27/2021,Robert Mounce,,,,,,
Edinger,5/2/2021,Double Surrey,Front left wheel front,,,Done,,8,Nathan,Down,5/10/2021,Robert Mounce,,,,,,
Warner,5/2/2021,Double Surrey,Rear Passenger sprocket Replacement,,,Done,,Repair tag #7310,Coco,Down,7/18/2021,Jonathan Soliz,Robert Mounce,"July 7, 2021",,,,
Edinger,5/3/2021,Double Surrey,Chain is off on the left side,,,"Done, Next Week",,6,Gregorio,Down,6/5/2021,Robert Mounce,,"June 4, 2021",,,,
Waterfront,5/5/2021,Deuce Coupe,Chain needs to be looked at.,,,Done,,2,Evan,Down,6/20/2021,Robert Mounce,,,,,,
Edinger,5/5/2021,Chopper,Flat front tire,,,Done,,1,Norma,Down,5/10/2021,Robert Mounce,,,,,,
Edinger,5/7/2021,Double Surrey,Chain off driver rear,,,Done,,6,Vincent,Down,5/10/2021,Robert Mounce,,,,,,
Edinger,5/7/2021,Double Surrey,Frame damage (knees come close to dash),Green front piece,,"Corporate, Done",,3,Vincent,Down,5/20/2021,Robert Mounce,,,,,,
Edinger,5/7/2021,Double Surrey,Chain skipping,,,Done,,1,Edwin,Down,5/10/2021,Robert Mounce,,,,,,
Waterfront,5/8/2021,Single Surrey,Flat tire,,,Done,,5,Cruz,Down,6/20/2021,Robert Mounce,,,,,,
Edinger,5/8/2021,Swan Boat,Boat is sinking on the right side,,,Done,,4,Norma,Down,5/21/2021,Robert Mounce,,,,,,
Waterfront,5/9/2021,Chopper,Broken back right rim,Couldn't get the axle rod off of the broken rim so ordering a axle rod to replace it Got a axle rod from yorba,,"Done, Ordered, Planned",,2,Evan,Down,5/25/2021,Robert Mounce,,,,,,
Waterfront,5/9/2021,Chopper,Big chain fell off. Little chain came completely off bike.,,,Done,,1,Norma,Down,5/16/2021,Jonathan Soliz,,,,,,
Waterfront,5/9/2021,Quad Sport,Chain,,,Done,,1,Jarel,Down,5/16/2021,Jonathan Soliz,,,,,,
Edinger,5/12/2021,Single Surrey,Frame damage (back frame/silver post),Corporate Visit,"Maintenance%20Board%20f707a518e7264cea97a5acf15603dbb0/image%202.jpg, Maintenance%20Board%20f707a518e7264cea97a5acf15603dbb0/image%203.jpg","Back Order, Done","https://www.notion.so/Rear-seat-surrey-frame-119a7e35da9048e295a1130ca5df5844, https://www.notion.so/Silver-Rear-canap-frame-1a5fbeb1a291488db5a026051c03853b, https://www.notion.so/surrey-seat-pad-back-1669f712632b467d8e60b03d0067f506",9,Nathan,Down,7/7/2021,Robert Mounce,,,,1,,
Edinger,5/12/2021,Double Surrey,Flat tire,front passenger,,"Done, Planned",,8,Nathan,Down,5/27/2021,Robert Mounce,,,,,,
Edinger,5/12/2021,Double Surrey,Brake post broke / Steering nut,Ordered the nut,Maintenance%20Board%20f707a518e7264cea97a5acf15603dbb0/image%204.jpg,Received,https://www.notion.so/Surrey-Dashboard-0c4454535f5b401ba933bdb11452a727,4,Nathan,Down,7/26/2021,Robert Mounce,Robert Mounce,,,,,
Edinger,5/15/2021,Double Surrey,Front drivers side pedal fell off,,,Done,,10,Brandon ortega,Down,5/24/2021,Robert Mounce,,,,,,
Waterfront,5/15/2021,Cruiser,Shirt stuck in chain,,,Done,,12,Evan,Down,6/20/2021,Robert Mounce,,,,,,
Yorba,5/17/2021,Quad Sport,bottom left rear wheel bearing,Order new bearings for rod,"Maintenance%20Board%20f707a518e7264cea97a5acf15603dbb0/image%2018.jpg, Maintenance%20Board%20f707a518e7264cea97a5acf15603dbb0/image%2019.jpg",Ordered,,,,Down,7/28/2021,Robert Mounce,Robert Mounce,,,,,
Yorba,5/17/2021,Double Surrey,Double Surrey 13mm bolt for kids basket,just a missing a bolt?,,Done,,,,,5/29/2021,Robert Mounce,,,,,,
Yorba,5/17/2021,Single Surrey,Broken caliper,Caliper broke,Maintenance%20Board%20f707a518e7264cea97a5acf15603dbb0/image%2020.jpg,"Done, Planned",,,,Down,6/24/2021,Robert Mounce,Robert Mounce,"June 24, 2021 11:00 AM-11:30 AM",,,,
Yorba,5/17/2021,Swan Boat,Swan boat #3 left side hole,,,Done,,,,,5/24/2021,Robert Mounce,,,,,,
Yorba,5/17/2021,Deuce Coupe,Deuce coupe right outside crank 15mm bolt missing,,,Done,,,,,5/24/2021,Robert Mounce,,,,,,
Yorba,5/17/2021,Chopper,Chopper need new chain Guard,could reuse the same one but need to tighten the clamp,,Done,,,,Down,5/29/2021,Robert Mounce,,,,,,
Edinger,5/21/2021,Double Surrey,Loose chain,,,"Done, Planned",,9,Emmanuel,Down,5/25/2021,Robert Mounce,,,,,,
Edinger,5/22/2021,Swan Boat,Still sinking on the patch that was repaired,,,Done,,4,Gregorio,Down,5/24/2021,Robert Mounce,,,,,,
Edinger,5/22/2021,Quad Sport,The front right tire is getting stuck and not letting the bike move forward,,,Done,,1,Norma,Down,5/24/2021,Robert Mounce,,,,,,
Waterfront,5/23/2021,Cruiser,Broken spokes,same as above,,"Done, Planned",,7,Ally,Down,6/15/2021,Robert Mounce,,"June 15, 2021 9:15 AM-10:45 AM",,,,
Edinger,5/23/2021,Single Surrey,left wheel brake adjustment,,,Planned,,#5,Edwin,,6/20/2021,Robert Mounce,,,,,,
Waterfront,5/24/2021,Cruiser,Broken spokes,Change wheels and or add spokes,,Planned,https://www.notion.so/Cruiser-rear-rim-3c4cafbd47df465d8b5d57b5c94e6790,4,Ally,,7/6/2021,Robert Mounce,,"July 6, 2021 1:30 PM-2:00 PM",,,,
Waterfront,5/24/2021,Quad Sport,Little chain fell off,,,"Done, Planned",,1,Ally,Down,5/25/2021,Robert Mounce,,,,,,
Edinger,5/24/2021,Double Surrey,Driver pedal is off,Easy,,"Done, Planned",,1,Gregorio,Down,5/27/2021,Robert Mounce,,,,,,
Edinger,5/24/2021,Double Surrey,Bottom brake cable is snapped off,Not sure exactly what this is. Maybe a cable exchange,,"Done, Planned",,10,Gregorio,Down,5/27/2021,Robert Mounce,,,,,,
Waterfront,5/24/2021,Electric Bike,gear shift is not working and loose bolt,,,Done,,4531,Jarel,Down,6/20/2021,Robert Mounce,,,,,,
Waterfront,5/25/2021,Cruiser,New rear wheel,,,"Done, Planned",,1,Rob,Down,6/15/2021,Robert Mounce,,"June 15, 2021 9:00 AM-9:15 AM",,,,
Edinger,5/26/2021,Double Surrey,Passenger front side sprocket,,,"Done, Planned",,2,Norma,Down,6/27/2021,Robert Mounce,Robert Mounce,"June 22, 2021 1:15 PM-1:45 PM",,,,
Warner,5/27/2021,Double Surrey,Flat Rear Passanger,,,Done,,Blue,Robert,Down,6/22/2021,Jonathan Soliz,Jonathan Soliz,,,,,
Warner,5/27/2021,Cruiser,Kickstand,,,Planned,https://www.notion.so/Kickstand-b4168031d88a4b988a7a2f84a4297684,,Rob,Down,7/27/2021,Robert Mounce,Robert Mounce,"July 27, 2021 11:30 AM-12:00 PM",,,,
Waterfront,5/27/2021,Kids Bike,Derailleur,Thoughts Max,,"Corporate, Needs to be Ordered",,,Rob,Down,6/24/2021,Robert Mounce,,,,,,
Waterfront,5/27/2021,Electric Bike,Tara (cannot touch/ rent ),,,Corporate,,6507,Rob,Cant rent,5/31/2021,Robert Mounce,,,,,,
Waterfront,5/27/2021,Electric Bike,Tara (cannot touch or rent),,,Corporate,,4550,,Cant rent,6/28/2021,Robert Mounce,,,,,,
Waterfront,5/27/2021,Kids Bike,braking system/ and shifting cable,Need to,"Maintenance%20Board%20f707a518e7264cea97a5acf15603dbb0/image%2028.jpg, Maintenance%20Board%20f707a518e7264cea97a5acf15603dbb0/image%2029.jpg, Maintenance%20Board%20f707a518e7264cea97a5acf15603dbb0/image%2030.jpg","Corporate, Needs to be Ordered",,,Rob,Down,6/24/2021,Robert Mounce,,,,,,
Edinger,5/27/2021,Swan Boat,Needs a new canape,,,"Done, Received",https://www.notion.so/Swan-Boat-Canape-c15d151778b5436e8ed8dc3854fa5468,7,Emmanuel Gomez,Down,7/7/2021,Robert Mounce,Robert Mounce,"July 7, 2021",,,,
Waterfront,5/28/2021,Electric Bike,Chain broke,Need a special Tool will come in next order,,"Back Order, Corporate",,4531,Bryant,Down,7/21/2021,Robert Mounce,Robert Mounce,"July 22, 2021",,,,
Waterfront,5/30/2021,Double Surrey,Front wheel replacement,Did max get to this,Maintenance%20Board%20f707a518e7264cea97a5acf15603dbb0/image%2031.jpg,"Corporate, Done",https://www.notion.so/Surrey-Front-Rim-358691b2b5944ca4ab5357e455a5c75b,9,Ally,Down,6/24/2021,Robert Mounce,,"June 15, 2021 10:45 AM",,1,,1
Warner,5/31/2021,Tandem,Sprocket,,,"Done, To Be Looked At",,Tandem,Coco,Down,6/27/2021,Robert Mounce,Jonathan Soliz,,,,,
Waterfront,6/1/2021,Double Surrey,Flat rear tire passenger side,,,Done,,12,Norma,Down,6/14/2021,Robert Mounce,,"June 14, 2021",,,,
Edinger,6/1/2021,Single Surrey,The brakes are on constantly,,,Done,,6,Brandon H Ortega,Down,6/5/2021,Robert Mounce,,,,,,
Edinger,6/1/2021,Double Surrey,Passenger side front pedals detached off chain belt,,,Done,,2,Brandon H. Ortega,Down,6/5/2021,Robert Mounce,,,,,,
Edinger,6/3/2021,Double Surrey,Back pedals (drivers side) skip,,,Done,,1,Gregorio,Down,6/5/2021,Robert Mounce,,,,,,
Yorba,6/4/2021,Double Surrey,Passenger needs brake cable replacement,,,Done,,8,Robert,,6/4/2021,Automate.io,,"June 5, 2021",,,,
Edinger,6/5/2021,Single Surrey,Left tire touches metal frame,Not sure,,To Be Looked At,,8,Gregorio,Maintaince,6/24/2021,Robert Mounce,,,,,,
Yorba,6/5/2021,Quad Sport,Broken rim,,,Done,,2,Jonathan,Down,6/7/2021,Automate.io,,,,,,
Yorba,6/5/2021,Quad Sport,Flat back left tire,,,Done,,3,Jonathan,Down,6/7/2021,Automate.io,,,,,,
Yorba,6/5/2021,Quad Sport,Popped front tire.,,,Done,,4,Jonathan,Down,6/7/2021,Automate.io,,,,,,
Edinger,6/6/2021,Swan Boat,Front patch,,,"Done, Planned",,6,Norma,Down,6/27/2021,Robert Mounce,Robert Mounce,"June 23, 2021 9:00 AM-12:00 PM",,,,
Edinger,6/6/2021,Swan Boat,Sinking on the right side,Will take all Swan boats out of the water to get to,,"Done, Planned",,1,Norma,Down,6/23/2021,Robert Mounce,Robert Mounce,"June 23, 2021 9:00 AM-12:00 PM",,,,
Edinger,6/6/2021,Double Surrey,front pass skipping chain,Either Sprocket change or Chain is off,,"Done, Planned",,2,Emmanuel,Down,6/27/2021,Robert Mounce,Robert Mounce,"June 22, 2021 11:30 AM-12:30 PM",,,,
Waterfront,6/6/2021,Cruiser,chain broke,,,Done,,4,Jarel,Down,6/15/2021,Robert Mounce,,"June 15, 2021",,,,
Edinger,6/6/2021,Swan Boat,Canopy is bent leaning towards the right side,,,,,4,Norma,,6/6/2021,Robert Mounce,,,,,,
Yorba,6/7/2021,Cruiser,Bent rear rim,,,Received,https://www.notion.so/Cruiser-rear-rim-3c4cafbd47df465d8b5d57b5c94e6790,,,Down,7/20/2021,Robert Mounce,Robert Mounce,,,,,
Waterfront,6/7/2021,Quad Sport,Back right tire is wobbling.,,,Done,,1,Ally,Down,6/20/2021,Robert Mounce,,,,,,
Waterfront,6/7/2021,Deuce Coupe,Bent right pedal,,,Done,,3,Evan,,6/14/2021,Robert Mounce,,,,,,
Waterfront,6/8/2021,Cruiser,No kickstand,Cant get the kickstand off,,Done,,1,Evan,Down,6/27/2021,Robert Mounce,,,,,,
Yorba,6/9/2021,Quad Sport,Busted bearing rear Inner,,,"Done, Planned",,N/a,Norma,Down,6/24/2021,Robert Mounce,Robert Mounce,"June 24, 2021 12:45 PM-1:30 PM",,,,
Waterfront,6/10/2021,Infinity Bike,Cables aren’t shifting,,,"Corporate, Done",,6,Ally,Down,6/24/2021,Robert Mounce,,,,,,
Waterfront,6/10/2021,Cruiser,Back tire rubbing frame to the point where it won’t spin,,,Done,,5,Ally,Down,6/14/2021,Automate.io,,"June 14, 2021",,,,
Waterfront,6/10/2021,Cruiser,Back tire popped,,,Done,,17,Ally,Down,6/14/2021,Robert Mounce,,"June 14, 2021",,,,
Waterfront,6/10/2021,Double Surrey,Drivers side front tire broken off from the thing that turns the tires.,MAX,Maintenance%20Board%20f707a518e7264cea97a5acf15603dbb0/image%2032.jpg,"Corporate, Done",https://www.notion.so/Surrey-front-axle-ce54dcb8393f4c8fac74df7a1db5609d,8,Ally,Down,6/24/2021,Robert Mounce,,,,,,1
Edinger,6/11/2021,Double Surrey,Flat tire,,,"Done, Planned",,1,Nathan,Down,6/27/2021,Robert Mounce,Robert Mounce,"June 22, 2021 11:00 AM-11:30 AM",,,,
Edinger,6/11/2021,Chopper,Flat tire,No innertubes,,Done,,1,Nathan,Down,6/27/2021,Robert Mounce,Robert Mounce,"June 22, 2021 10:45 AM-11:15 AM",,,,
Yorba,6/11/2021,Chopper,Flat rear tire,,,"Done, Planned",,N/a,Norma,Down,6/24/2021,Robert Mounce,Robert Mounce,"June 24, 2021 10:00 AM-10:15 AM",,,,
Yorba,6/11/2021,Quad Sport,Flat Tire,,,"Done, Planned",,2,Norma,Down,6/24/2021,Robert Mounce,Robert Mounce,"June 24, 2021 11:30 AM-12:00 PM",,,,
Waterfront,6/11/2021,Infinity Bike,the front rim,Get front wheel from Edinger,,"Done, Planned",,0,Bryant,Down,6/27/2021,Robert Mounce,Robert Mounce,"June 23, 2021 1:00 PM-1:30 PM",,,,
Edinger,6/11/2021,Single Surrey,Back seat came off,Team member training,,"Done, Planned, Training",,6,Emmanuel,Down,6/27/2021,Robert Mounce,Robert Mounce,"June 22, 2021 9:30 AM-10:00 AM",,,,
Edinger,6/11/2021,Deuce Coupe,Flat tire,No innertubes,,Done,,1,Emmanuel,Down,6/24/2021,Robert Mounce,Robert Mounce,"June 22, 2021 10:30 AM-11:00 AM",,,,
Waterfront,6/12/2021,Cruiser,Chain is off,,,Done,,10,Jarel,Down,6/14/2021,Robert Mounce,,"June 14, 2021",,,,
Waterfront,6/12/2021,Cruiser,bike is skidding,,,Done,https://www.notion.so/Cruiser-rear-rim-3c4cafbd47df465d8b5d57b5c94e6790,11,Jarel,Down,6/15/2021,Robert Mounce,,"June 15, 2021",,,,
Warner,6/12/2021,Double Surrey,Backseat fell off,Team Member training (Sat?),,Done,,Green,Nathan,Down,6/22/2021,Jonathan Soliz,Jonathan Soliz,,,,,
Waterfront,6/12/2021,Quad Sport,flat tire,,,Done,,2,jarel,Down,6/14/2021,Automate.io,,"June 14, 2021",,,,
Waterfront,6/12/2021,Deuce Coupe,tire is hitting the frame,,,Done,,1,jarel,Down,6/14/2021,Automate.io,,"June 14, 2021",,,,
Yorba,6/12/2021,Double Surrey,Stripped surrey crank arm,Team Member training,,"Done, Planned, Training",,,Jonathan,Down,6/27/2021,Robert Mounce,Robert Mounce,,,,,
Edinger,6/12/2021,Double Surrey,Driver side pedal fell off,team member training,,"Done, Planned, Training",,6,Oscar,Down,6/27/2021,Robert Mounce,Robert Mounce,"June 22, 2021 9:30 AM-10:00 AM",,,,
Edinger,6/13/2021,Double Surrey,Brake cable snapped,,,"Done, Planned",,9,Norma,Down,6/27/2021,Robert Mounce,Robert Mounce,"June 22, 2021 10:00 AM-10:30 AM",,,,
Waterfront,6/13/2021,Infinity Bike,Brake is stuck,,,Done,,7,Ally,Down,6/15/2021,Robert Mounce,,"June 15, 2021",,,,
Waterfront,6/13/2021,Cruiser,Front wheel is wobbling,,,Done,,6,Ally,Down,6/15/2021,Robert Mounce,,"June 15, 2021",,,,
Waterfront,6/13/2021,Single Surrey,Missing pedal,,,Done,,6,Evan,Down,6/14/2021,Automate.io,,"June 14, 2021",,,,
Edinger,6/14/2021,Swan Boat,Orange boat patch is coming undone,,,,,Orange boat,Norma,,6/14/2021,Robert Mounce,,,,,,
Edinger,6/14/2021,Double Surrey,Rear Passenger side pedal off,team member training,,"Done, Planned, Training",,3,Norma,Down,6/27/2021,Robert Mounce,Robert Mounce,"June 22, 2021 9:30 AM-10:00 AM",,,,
Edinger,6/14/2021,Double Surrey,Front driver side crank,team member training,,"Done, Planned, Training",,8,Norma,Down,6/27/2021,Robert Mounce,Robert Mounce,"June 22, 2021 9:30 AM-10:00 AM",,,,
Waterfront,6/14/2021,Single Surrey,Driver’s side brake replacement,MAX,,"Corporate, Done",,6,Evan,Down,6/24/2021,Robert Mounce,,,,,,
Waterfront,6/14/2021,Chopper,Chain is off,,,Done,,3,Edwin Solano,Down,6/15/2021,Robert Mounce,,"June 15, 2021",,,,
Waterfront,6/14/2021,Infinity Bike,Rear wheel came off,,,Done,,633,Edwin,Down,6/15/2021,Robert Mounce,,"June 15, 2021",,,,
Edinger,6/20/2021,Swan Boat,Leak,,,"Done, Planned",,4,Nathan,Down,6/27/2021,Robert Mounce,Robert Mounce,"June 22, 2021 9:00 AM-12:00 PM",,,,
Waterfront,6/20/2021,Single Surrey,Needs to brake adjustment,,,Done,,2,Ally,Down,6/27/2021,Robert Mounce,Robert Mounce,,,,,
Waterfront,6/20/2021,Infinity Bike,Brake is stuck,needs grease,,Done,,7,Ally,Down,7/13/2021,Jonathan Soliz,Jonathan Soliz,"July 11, 2021",,,,
Edinger,6/20/2021,Quad Sport,Flat tire,No innertubes,,Done,,1,Nathan,Down,6/27/2021,Robert Mounce,Robert Mounce,"June 22, 2021 2:00 PM-2:10 PM",,,,
Edinger,6/20/2021,Double Surrey,Brake Adjustment,,,"Done, Planned",,,,Maintaince,6/22/2021,Robert Mounce,,"June 22, 2021 1:45 PM-2:15 PM",,,,
Edinger,6/20/2021,Cruiser,Chain Adjustment,,,Planned,,,,Maintaince,6/24/2021,Robert Mounce,,,,,,
Edinger,6/20/2021,Single Surrey,Brake Adjustment,,,"Done, Planned",,,,Maintaince,6/22/2021,Robert Mounce,,"June 22, 2021 1:45 PM-2:15 PM",,,,
Edinger,6/20/2021,Quad Sport,Chain Adjustnment,,,,,,,Maintaince,6/20/2021,Robert Mounce,,,,,,
Edinger,6/20/2021,Quad Sport,Coaster Brakes,,,,,,,Maintaince,6/20/2021,Robert Mounce,,,,,,
Edinger,6/20/2021,Chopper,Coaster Brakes,,,,,,,Maintaince,6/20/2021,Robert Mounce,,,,,,
Edinger,6/20/2021,Deuce Coupe,Coaster Brakes,,,,,,,Maintaince,6/20/2021,Robert Mounce,,,,,,
Edinger,6/20/2021,Cruiser,Coaster Brakes,,,,,,,Maintaince,6/20/2021,Robert Mounce,,,,,,
Edinger,6/20/2021,Single Surrey,Chain Adjustment,,,,,,,Maintaince,6/20/2021,Robert Mounce,,,,,,
Edinger,6/20/2021,Chopper,Chain Adjustnment,,,,,,,Maintaince,6/20/2021,Robert Mounce,,,,,,
Edinger,6/20/2021,Double Surrey,Chain Adjustment,,,,,,,Maintaince,6/20/2021,Robert Mounce,,,,,,
Edinger,6/20/2021,Infinity Bike,Brake Adjustment,,,,,,,Maintaince,6/20/2021,Robert Mounce,,,,,,
Edinger,6/20/2021,Swan Boat,Grease,,,,,,,Maintaince,6/20/2021,Robert Mounce,,,,,,
Waterfront,6/20/2021,Electric Bike,Brake Adjustment,,,Planned,,,,Maintaince,6/23/2021,Robert Mounce,,,,,,
Edinger,6/20/2021,Quad Sport,Steering Wheel,,,,,,,Maintaince,6/20/2021,Robert Mounce,,,,,,
Edinger,6/20/2021,Chopper,Handlebars,,,,,,,Maintaince,6/20/2021,Robert Mounce,,,,,,
Edinger,6/20/2021,Cruiser,Handlebars,,,,,,,Maintaince,6/20/2021,Robert Mounce,,,,,,
Edinger,6/20/2021,Deuce Coupe,Headset,,,,,,,Maintaince,6/20/2021,Robert Mounce,,,,,,
Edinger,6/20/2021,Single Surrey,Stickers,,,,,,,Maintaince,6/20/2021,Robert Mounce,,,,,,
Edinger,6/20/2021,Double Surrey,Stickers,,,,,,,Maintaince,6/20/2021,Robert Mounce,,,,,,
Waterfront,6/20/2021,Double Surrey,Brake Adjustment,,,Planned,,,,Maintaince,7/6/2021,Robert Mounce,,"July 6, 2021 12:45 PM-1:30 PM",,,,
Waterfront,6/20/2021,Single Surrey,Brake Adjustment,,,Planned,,,,Maintaince,7/6/2021,Robert Mounce,,"July 6, 2021 12:45 PM-1:30 PM",,,,
Waterfront,6/20/2021,Cruiser,Chain Adjustment,,,,,,,Maintaince,7/6/2021,Robert Mounce,,"July 6, 2021 2:15 PM-2:45 PM",,,,
Waterfront,6/20/2021,Chopper,Chain Adjustnment,,,,,,,Maintaince,7/6/2021,Robert Mounce,,"July 6, 2021 2:45 PM-3:00 PM",,,,
Waterfront,6/20/2021,Single Surrey,Chain Adjustment,,,,,,,Maintaince,6/20/2021,Robert Mounce,,,,,,
Waterfront,6/20/2021,Double Surrey,Chain Adjustment,,,,,,,Maintaince,6/20/2021,Robert Mounce,,,,,,
Waterfront,6/20/2021,Quad Sport,Chain Adjustment,,,,,,,Maintaince,6/21/2021,Robert Mounce,,,,,,
Waterfront,6/20/2021,Quad Sport,Coaster Brakes,,,,,,,Maintaince,6/20/2021,Robert Mounce,,,,,,
Waterfront,6/20/2021,Chopper,Coaster Brakes,,,,,,,Maintaince,6/20/2021,Robert Mounce,,,,,,
Waterfront,6/20/2021,Cruiser,Coaster Brakes,,,Done,,,,Maintaince,6/29/2021,Jonathan Soliz,Jonathan Soliz,"June 24, 2021",,,,
Waterfront,6/20/2021,Deuce Coupe,Coaster Brakes,,,,,,,Maintaince,6/20/2021,Robert Mounce,,,,,,
Waterfront,6/20/2021,Infinity Bike,Brake Adjustment,,,,,,,Maintaince,7/8/2021,Robert Mounce,Jonathan Soliz,"July 11, 2021",,,,
Waterfront,6/20/2021,Cruiser,Handlebars,,,Done,,,,Maintaince,6/24/2021,Jonathan Soliz,Jonathan Soliz,"June 24, 2021",,,,
Waterfront,6/20/2021,Quad Sport,Steering Wheel,,,,,,,Maintaince,6/20/2021,Robert Mounce,,,,,,
Waterfront,6/20/2021,Chopper,Handlebars,,,,,,,Maintaince,6/20/2021,Robert Mounce,,,,,,
Waterfront,6/20/2021,Deuce Coupe,Headset,,,Planned,,,,Maintaince,6/24/2021,Robert Mounce,,,,,,
Waterfront,6/20/2021,Single Surrey,Stickers,,,,,,,Maintaince,6/20/2021,Robert Mounce,,,,,,
Waterfront,6/20/2021,Double Surrey,Stickers,,,,,,,Maintaince,6/20/2021,Robert Mounce,,,,,,
Yorba,6/20/2021,Single Surrey,Brake Adjustment,,,Done,,,,Maintaince,6/27/2021,Robert Mounce,Robert Mounce,"June 24, 2021 12:00 PM-12:45 PM",,,,
Yorba,6/20/2021,Cruiser,Chain Adjustment,,,,,,,Maintaince,6/20/2021,Robert Mounce,,,,,,
Yorba,6/20/2021,Chopper,Chain Adjustment,,,,,,,Maintaince,6/20/2021,Robert Mounce,,,,,,
Yorba,6/20/2021,Single Surrey,Chain Adjustment,,,,,,,Maintaince,6/20/2021,Robert Mounce,,,,,,
Yorba,6/20/2021,Double Surrey,Chain Adjustment,,,,,,,Maintaince,6/20/2021,Robert Mounce,,,,,,
Yorba,6/20/2021,Quad Sport,Chain Adjustment,,,,,,,Maintaince,6/24/2021,Robert Mounce,,,,,,
Yorba,6/20/2021,Quad Sport,Coaster Brakes,,,,,,,Maintaince,6/20/2021,Robert Mounce,,,,,,
Yorba,6/20/2021,Chopper,Coaster Brakes,,,,,,,Maintaince,6/20/2021,Robert Mounce,,,,,,
Yorba,6/20/2021,Deuce Coupe,Coaster Brakes,,,,,,,Maintaince,6/20/2021,Robert Mounce,,,,,,
Yorba,6/20/2021,Cruiser,Coaster Brakes,,,,,,,Maintaince,6/20/2021,Robert Mounce,,,,,,
Yorba,6/20/2021,Swan Boat,Grease,,,,,,,Maintaince,6/20/2021,Robert Mounce,,,,,,
Yorba,6/20/2021,Infinity Bike,Brake Adjustment,,,,,,,Maintaince,6/20/2021,Robert Mounce,,,,,,
Yorba,6/20/2021,Cruiser,Handlebars,,,,,,,Maintaince,6/20/2021,Robert Mounce,,,,,,
Yorba,6/20/2021,Chopper,Handlebars,,,,,,,Maintaince,6/20/2021,Robert Mounce,,,,,,
Yorba,6/20/2021,Quad Sport,Steering Wheel,,,,,,,Maintaince,6/20/2021,Robert Mounce,,,,,,
Yorba,6/20/2021,Deuce Coupe,Headset,,,,,,,Maintaince,6/20/2021,Robert Mounce,,,,,,
Yorba,6/20/2021,Single Surrey,Stickers,,,,,,,Maintaince,6/20/2021,Robert Mounce,,,,,,
Yorba,6/20/2021,Double Surrey,Stickers,,,,,,,Maintaince,6/20/2021,Robert Mounce,,,,,,
Edinger,6/20/2021,,Order,,,"Done, Planned",,,,Maintaince,6/24/2021,Robert Mounce,Robert Mounce,"June 23, 2021 7:00 AM-7:30 AM",,,,
Waterfront,6/20/2021,,Order,,,"Done, Planned",,,,Maintaince,6/24/2021,Robert Mounce,,"June 23, 2021 12:00 PM-12:30 PM",,,,
Edinger,6/22/2021,Double Surrey,Brake line Driver,Not reported,,Done,,8,,Down,6/27/2021,Robert Mounce,Robert Mounce,,,,,
Edinger,6/22/2021,Double Surrey,Chain right side,,,"Done, Planned",,8,Nathan,Down,6/23/2021,Robert Mounce,Robert Mounce,"June 23, 2021 9:00 AM-9:15 AM",,,,
Edinger,6/23/2021,Single Surrey,Tire Ware,,,"Done, Planned",,,,Maintaince,6/24/2021,Robert Mounce,,"June 23, 2021 9:30 AM-10:30 AM",,,,
Edinger,6/23/2021,Double Surrey,Tire Ware,,,"Done, Planned",,,,Maintaince,6/24/2021,Robert Mounce,,"June 23, 2021 9:30 AM-11:45 AM",,,,
Waterfront,6/23/2021,Cruiser,"Bike keeps making clicking noises, possibly skipping,",,,Done,,5,Ally,Down,7/6/2021,Robert Mounce,,"July 6, 2021 1:45 PM-2:00 PM",,,,
Edinger,6/23/2021,Double Surrey,Does not have leg splitters,,,,,5,Edwin Solano,,6/23/2021,Robert Mounce,,,,,,
Waterfront,6/23/2021,Single Surrey,Brake is stuck/ Flat Tire,"brake handle tightens itself, so take the nut off put some locktite on the screw and tighten to where the handle can be freely move up and down",,Done,,,,Down,6/24/2021,Jonathan Soliz,Jonathan Soliz,"June 24, 2021",,,,
Waterfront,6/24/2021,Cruiser,Kickstand,Kick stand off just waiting for part,,Done,https://www.notion.so/Kickstand-b4168031d88a4b988a7a2f84a4297684,,Rob,Down,7/4/2021,Jonathan Soliz,Jonathan Soliz,"June 24, 2021 12:00 AM-10:00 AM",,,,
Waterfront,6/24/2021,Infinity Bike,New rear wheel,Rear wheel bent out of shape,,Next Week,,,Rob,Down,7/21/2021,Robert Mounce,Jonathan Soliz,"July 22, 2021",,,,
Waterfront,6/24/2021,Cruiser,Flat Tire,,,Done,https://www.notion.so/Tube-26-X-2-125-d26f3114683542c18fd1ebef179804d4,,Rob,Down,6/24/2021,Jonathan Soliz,Jonathan Soliz,"June 24, 2021 12:00 AM-10:00 AM",,,,
Waterfront,6/24/2021,Cruiser,Coaster Brake adjustment/ Rim replacement,"Customer said its making noise, so either the coaster brake is to tight or its a busted coaster brake. Try to adjust the coaster brake first if it doesn't work then just replace the wheel",,"Done, Planned",https://www.notion.so/Cruiser-rear-rim-3c4cafbd47df465d8b5d57b5c94e6790,,Ally,Down,7/6/2021,Robert Mounce,,"July 6, 2021 2:00 PM-2:15 PM",,,,
Waterfront,6/24/2021,Single Surrey,Needs Brake Adjustment,,,Done,,,Ally,Down,6/24/2021,Jonathan Soliz,Jonathan Soliz,"June 24, 2021 12:00 AM-10:00 AM",,,,
Waterfront,6/24/2021,Cruiser,Flat Tire,Need more inner tubes,,"Done, Planned",https://www.notion.so/Tube-26-X-2-125-d26f3114683542c18fd1ebef179804d4,,,Down,7/4/2021,Jonathan Soliz,,,,,,
Yorba,6/24/2021,Double Surrey,front passenger wheel bearing,Might need help with front wheel,,"Corporate, Done, Ordered",,5,Ruben,Down,7/21/2021,Robert Mounce,,,,,,
Yorba,6/24/2021,Single Surrey,Front Bearing,Might get to it. Inside bearing,,"Done, Planned",,,,Down,6/27/2021,Robert Mounce,Robert Mounce,"June 24, 2021",,,,
Yorba,6/24/2021,Deuce Coupe,Cracked Front Rim,,,"Done, Planned",,,,Down,6/27/2021,Robert Mounce,Robert Mounce,"June 24, 2021",,,,
Yorba,6/24/2021,Swan Boat,Right Side,Will get to it with max on tuesday/ Wednesday,,"Corporate, Done, Next Week, Planned",,3,,Down,7/5/2021,Robert Mounce,,"June 29, 2021 10:00 AM-11:15 AM",,,,
Yorba,6/24/2021,Chopper,Doesn't Pedal,,,Done,,,,Down,6/27/2021,Robert Mounce,Robert Mounce,"June 24, 2021",,,,
Yorba,6/24/2021,Cruiser,Broken chain guard black/ Blue,,,Ordered,https://www.notion.so/Cruiser-chain-guard-b6d65a383ebe4eb98f11f3cc8d66e896,,Rob,Down,7/26/2021,Robert Mounce,,,,1,,1
Yorba,6/24/2021,Infinity Bike,flat tire,,,Done,,,,Down,7/18/2021,Jonathan Soliz,,"July 8, 2021 3:00 PM",,,,
Yorba,6/24/2021,Infinity Bike,Flat tire,,,Done,,,,Down,7/8/2021,Robert Mounce,,"July 8, 2021 4:00 PM",,,,
Yorba,6/24/2021,Cruiser,Flat,,,Done,,,,Down,6/27/2021,Robert Mounce,Robert Mounce,"June 24, 2021",,,,
Waterfront,6/24/2021,Double Surrey,flat tire,Waiting for inter tube (July 13),,Done,,1,jarel,Down,7/20/2021,Jonathan Soliz,Jonathan Soliz,"July 11, 2021",,,,
Waterfront,6/24/2021,Cruiser,chain is off,,,Done,,9,jarel,Down,7/4/2021,Jonathan Soliz,Jonathan Soliz,"June 29, 2021",,,,
Yorba,6/24/2021,Deuce Coupe,Missing crank arm,,,"Done, Needs to be Ordered",https://www.notion.so/Crank-arm-Cotterless-62bff8509f234fe8888ef943700fd0bf,,Rob,,6/30/2021,Robert Mounce,,"June 29, 2021 10:00 AM-10:30 AM",,4,5,
Waterfront,6/24/2021,Cruiser,Needs new front rim,,,Done,https://www.notion.so/Cruiser-front-wheel-Rim-bb53e2df953c467a9795b7a829e57165,8,Jonathan,Down,7/13/2021,Jonathan Soliz,Robert Mounce,,,,,2
Waterfront,6/24/2021,Cruiser,Needs front wheel,Grab From Yorba,,Done,https://www.notion.so/Cruiser-front-wheel-Rim-bb53e2df953c467a9795b7a829e57165,7,Jonathan,Down,7/11/2021,Jonathan Soliz,Jonathan Soliz,"July 11, 2021",,,,2
Waterfront,6/25/2021,Cruiser,Flat tire,waiting for inter tube,,"Done, Planned",,17,Evan,Down,7/4/2021,Jonathan Soliz,Jonathan Soliz,"June 29, 2021",,,,
Waterfront,6/25/2021,Double Surrey,bent pedal,,,Done,,8,jarel,Down,6/29/2021,Robert Mounce,Jonathan Soliz,"June 29, 2021",,,,
Waterfront,6/26/2021,Single Surrey,brake handle does not go all the way down,"2nd time, Handle is tightening itself",,Done,,2,jarel,Down,6/29/2021,Jonathan Soliz,Jonathan Soliz,"June 29, 2021",,,,
Waterfront,6/26/2021,Double Surrey,bent pedal,,,"Done, Planned",,9,jarel,Down,6/29/2021,Robert Mounce,Jonathan Soliz,"June 29, 2021",,,,
Waterfront,6/26/2021,Single Surrey,pedal is off,,,"Done, Planned",,6,jarel,Down,6/29/2021,Robert Mounce,Jonathan Soliz,"June 29, 2021",,,,
Yorba,6/27/2021,Double Surrey,Outside of front passenger wheel is beginning to chip. Might need to be looked at.,,,,,4,Angel,Maintaince,6/27/2021,Robert Mounce,,,,,,
Waterfront,6/27/2021,Cruiser,Flat tire,,,"Done, Planned, Received",,Girl,Julian,Down,7/6/2021,Robert Mounce,Robert Mounce,"July 6, 2021 10:30 AM-10:45 AM",,,,
Yorba,6/28/2021,Single Surrey,Bottom Bracket,Passenger,,Done,https://www.notion.so/Bottom-Bracket-Axle-Sleeve-864cf1c3e92d4560968d8c62fd32e735,2,Rob,Mechanic,7/21/2021,Robert Mounce,,,,,,
Yorba,6/28/2021,Double Surrey,Bottom Bracket,Rear Passenger,,Done,,5,,Mechanic,7/21/2021,Robert Mounce,,,,,,
Yorba,6/28/2021,Double Surrey,Bottom Bracket,Front Passenger,,Done,,4,,Mechanic,7/21/2021,Robert Mounce,,,,,,
Yorba,6/28/2021,Single Surrey,Bottom Bracket,Both,,Done,,4,,Mechanic,7/21/2021,Robert Mounce,,,,,,
Yorba,6/28/2021,Double Surrey,Bottom Bracket,Pass Front,,Done,,1,,Mechanic,7/21/2021,Robert Mounce,,,,,,
Yorba,6/28/2021,Single Surrey,Bottom Bracket,Both,,Done,,1,,Mechanic,7/21/2021,Robert Mounce,,,,,,
Yorba,6/28/2021,Single Surrey,Tires,Both,,Done,,5,,Mechanic,7/21/2021,Robert Mounce,,,,,,
Yorba,6/28/2021,Single Surrey,Tires,Driver,,Done,https://www.notion.so/Surrey-Rear-Tires-1c5129ebf2ba4e39b657bdc45a18587e,1,,Mechanic,7/21/2021,Robert Mounce,,,,,,
Yorba,6/28/2021,Single Surrey,Tires,Both,,,https://www.notion.so/Surrey-Rear-Tires-1c5129ebf2ba4e39b657bdc45a18587e,3,,Mechanic,7/26/2021,Robert Mounce,Jonathan Soliz,,,,,
Yorba,6/28/2021,Swan Boat,U bolts,,,,,,,Maintaince,6/29/2021,Robert Mounce,,"June 29, 2021 10:30 AM-11:00 AM",,,,
Edinger,6/28/2021,Double Surrey,It has a broken peddle,,,Done,,1,Angelique,Down,7/2/2021,Robert Mounce,,,,,,
Yorba,6/29/2021,Swan Boat,Clean Swan Boat tops with power washer,,,,,,,Maintaince,6/29/2021,Robert Mounce,,"June 29, 2021 11:00 AM-12:00 PM",,,,
Yorba,6/29/2021,,Wash the sides of shipping containers,,,,,,,Maintaince,6/29/2021,Robert Mounce,,"June 29, 2021 11:00 AM-12:00 PM",,,,
Yorba,6/29/2021,,Finalize Order,,,,,,,,6/29/2021,Robert Mounce,,"June 29, 2021 1:00 PM-2:00 PM",,,,
,6/29/2021,,Specialty Skins,,,,,,,,6/29/2021,Robert Mounce,,"June 29, 2021 1:45 PM-2:45 PM",,,,
,6/29/2021,,Cruiser Chains,,,,,,,,6/29/2021,Robert Mounce,,"June 29, 2021 10:15 AM-11:15 AM",,,,
Yorba,6/29/2021,Double Surrey,Two front tires flat,,,Done,,No number,Ruben,Down,6/29/2021,Robert Mounce,,,,,,
Waterfront,6/29/2021,Single Surrey,Snapped brake cable,,,Done,,3,Jon,Down,6/29/2021,Jonathan Soliz,,,,,,
Yorba,7/1/2021,Infinity Bike,No kick stand,,,,,Na,Ruben,Maintaince,7/1/2021,Robert Mounce,,,,,,
Yorba,7/1/2021,Infinity Bike,Need new front inner tube,,,Done,,….,Nathan,Down,7/18/2021,Jonathan Soliz,Robert Mounce,"July 8, 2021 6:00 PM",,,,
Yorba,7/1/2021,Double Surrey,Loose crank front passenger (no available crank tool) all tools need to be available at location for employees,,,Done,,8,Vincent,Down,7/7/2021,Robert Mounce,,,,,,
Yorba,7/1/2021,Infinity Bike,No kickstand,,,Done,,...,Vincent,Down,7/8/2021,Robert Mounce,,"July 8, 2021 5:00 PM",,,,
Yorba,7/1/2021,Single Surrey,Brake adjustment,,,Done,,4,Vince,Maintaince,7/21/2021,Robert Mounce,,,,,,
Waterfront,7/1/2021,Deuce Coupe,Chain broke,,,Done,,2,Ally,Down,7/4/2021,Jonathan Soliz,,,,,,
Waterfront,7/6/2021,Deuce Coupe,Chain off,Chain guard came off,,"Done, Planned",,,Rob,Down,7/6/2021,Robert Mounce,Robert Mounce,"July 6, 2021 1:00 PM-1:30 PM",,,,
Waterfront,7/6/2021,Deuce Coupe,Chain is off,,,"Done, Planned",,,,Down,7/6/2021,Robert Mounce,,"July 6, 2021 1:00 PM-1:30 PM",,,,
Waterfront,7/6/2021,Cruiser,Chain is off,,,Done,,10,,Down,7/6/2021,Robert Mounce,,"July 6, 2021",,,,
Yorba,7/6/2021,Double Surrey,Needs a crank replace,,,Done,https://www.notion.so/Crank-arm-non-driver-side-2e89de69d521437fae2ea2ff854f8a5a,2,Ruben,Down,7/8/2021,Robert Mounce,,"July 8, 2021 10:00 AM",,,,
Yorba,7/6/2021,Double Surrey,Needs new seat for front row,,,,,1,Ruben,,7/6/2021,Robert Mounce,,,,,,
Yorba,7/6/2021,Single Surrey,Lose break,,,Done,,3,Ruben,Down,7/8/2021,Robert Mounce,,"July 8, 2021 10:00 AM",,,,
Edinger,7/7/2021,Chopper,Not reported (chain broke),,,Done,,,,Down,7/7/2021,Robert Mounce,,,,,,
Edinger,7/8/2021,Double Surrey,Test,,,Done,,Test,Nathan,Down,7/10/2021,Jonathan Soliz,,,,,,
Waterfront,7/9/2021,Deuce Coupe,Passenger side coaster brake,,,Planned,,.,Vince,Down,7/21/2021,Robert Mounce,Robert Mounce,"July 22, 2021",,,,
Edinger,7/10/2021,Single Surrey,Left driver peddle fell off,,,Done,,4,Emmanuel,Down,7/10/2021,Jonathan Soliz,,,,,,
Yorba,7/10/2021,Swan Boat,Boat is leaning towards one side,,,Done,,4,Norma,Down,7/21/2021,Robert Mounce,,"July 20, 2021",,,,
Yorba,7/10/2021,Chopper,Broken rear rim,,,Done,https://www.notion.so/20-Rim-for-Specialty-50705720525f4e42a297cf80f2e1876d,3,Norma,Down,7/18/2021,Jonathan Soliz,,,,,,
Edinger,7/10/2021,Double Surrey,Crank falling off,,,Done,,3,Jonathan,Down,7/10/2021,Jonathan Soliz,,,,,,
Edinger,7/10/2021,Single Surrey,Bent surrey top,,,Done,,6,Jonathan,Down,7/10/2021,Jonathan Soliz,,,,,,
Edinger,7/10/2021,Single Surrey,Left passenger peddle broke off,,,Done,,5,Emmanuel,Down,7/15/2021,Jonathan Soliz,,,,,,
Edinger,7/10/2021,Swan Boat,Sinking,,,"Done, Planned",,1,Emmanuel,Down,8/12/2021,Robert Mounce,Robert Mounce,"July 27, 2021 9:00 AM-10:15 AM",,,,
Waterfront,7/11/2021,Deuce Coupe,Brake adjustment,,,Done,,2,Jonathan,Down,7/11/2021,Jonathan Soliz,,,,,,
Waterfront,7/11/2021,Double Surrey,Popped front tire,,,Done,,4,Jonathan,Down,7/11/2021,Jonathan Soliz,,,,,,
Waterfront,7/11/2021,Single Surrey,Peddle missing,,,Done,,6,Jonathan,Down,7/11/2021,Jonathan Soliz,,,,,,
Yorba,7/11/2021,Double Surrey,Flat front tire,,,Done,,1,Norma,Down,7/18/2021,Jonathan Soliz,,,,,,
Yorba,7/11/2021,Chopper,Front tire rubbing on frame,,,Done,,4,Norma,Down,7/13/2021,Robert Mounce,,,,,,
Yorba,7/11/2021,Double Surrey,Brake cable fraying from top(near steering wheel),,,Received,https://www.notion.so/Double-Left-Cable-106-af6b4045d1ca47b8b83e061894e36be5,2,Norma,Down,7/21/2021,Robert Mounce,,,,,,
Yorba,7/11/2021,Quad Sport,Missing bottom steering wheel bolt (size 13),,,Done,,3,Norma,Down,7/13/2021,Robert Mounce,,,,,,
Yorba,7/11/2021,Deuce Coupe,Steering needs to be aligned w/ wheel,,,Done,,3,Norma,Down,7/18/2021,Jonathan Soliz,,,,,,
Yorba,7/11/2021,Chopper,Front tire wobbling,,,Done,https://www.notion.so/Tire-16-x-2-125-fb4e205eb80640e6a1170c6961e316a6,2,Norma,Down,7/18/2021,Jonathan Soliz,,,,,,
Edinger,7/12/2021,Swan Boat,Sinking,,,Done,,3,Vince,Down,7/28/2021,Robert Mounce,Robert Mounce,"July 27, 2021 9:00 AM-10:15 AM",,,,
Edinger,7/14/2021,Quad Sport,Flat front tire,,,Done,,1,Norma,Down,7/15/2021,Jonathan Soliz,,,,,,
Yorba,7/14/2021,Single Surrey,Brake cable broken,,,Done,,1,Ruben,Down,7/18/2021,Jonathan Soliz,,,,,,
Waterfront,7/15/2021,Single Surrey,Needs break adjustment,,,,,5,Kimmy Torres,Down,7/21/2021,Robert Mounce,Robert Mounce,"July 22, 2021",,,,
Edinger,7/15/2021,Double Surrey,Flat front tire,,,Done,,1,Jonathan,Down,7/15/2021,Jonathan Soliz,,,,,,
Edinger,7/15/2021,Quad Sport,Dull tire,,,,,1,Jonathan,,7/15/2021,Robert Mounce,,,,,,
Waterfront,7/15/2021,Double Surrey,Front right tire popped,,,Done,,4,Edwin Solano,Down,7/26/2021,Robert Mounce,Robert Mounce,"July 22, 2021",,,,
Yorba,7/16/2021,Quad Sport,"Back left tire flat, popped.",,,Done,,4,Angel,Down,7/18/2021,Jonathan Soliz,,,,,,
Edinger,7/17/2021,Double Surrey,Chain skipping front passenger side,,,Done,,5,Norma,Down,7/24/2021,Robert Mounce,Robert Mounce,,,,,
Yorba,7/17/2021,Quad Sport,Flat front left tire,,,Done,,3,Joshua,Down,7/18/2021,Jonathan Soliz,,,,,,
Edinger,7/18/2021,Swan Boat,sinking,,,Planned,,2,,Down,7/27/2021,Robert Mounce,Robert Mounce,"July 27, 2021 9:00 AM-10:15 AM",,,,
Edinger,7/18/2021,Double Surrey,Flat front tire,,,Done,,,,Down,7/21/2021,Robert Mounce,Robert Mounce,"July 21, 2021",,,,
Edinger,7/18/2021,Swan Boat,SINKING,,Maintenance%20Board%20f707a518e7264cea97a5acf15603dbb0/image%205.jpg,Planned,,6,,Down,7/27/2021,Robert Mounce,Robert Mounce,"July 27, 2021 9:00 AM-10:15 AM",,,,
Warner,7/18/2021,Double Surrey,Front left tire bent/flat,,,To Be Looked At,https://www.notion.so/Surrey-Front-Rim-358691b2b5944ca4ab5357e455a5c75b,1797,Coco,Down,7/27/2021,Robert Mounce,,"July 27, 2021 10:45 AM-11:15 AM",,1,,1
Warner,7/18/2021,Double Surrey,Backseat is treaded where the bolts are,,,Done,,1796,Coco,Down,7/18/2021,Jonathan Soliz,,,,,,
Warner,7/18/2021,Single Surrey,Passenger side chain fell off,,,Done,,1795,Coco,Down,7/18/2021,Jonathan Soliz,,,,,,
Warner,7/18/2021,Single Surrey,The break is failing to work,,,Done,,1746,Coco,Down,7/18/2021,Jonathan Soliz,,,,,,
Warner,7/18/2021,Double Surrey,Front left tire flat,,,Done,,1747,Coco,Down,7/24/2021,Jonathan Soliz,,,,,,
Yorba,7/18/2021,Single Surrey,Brake adjustments for all single and double surreys,,,Done,,All,Jonathan,,7/18/2021,Jonathan Soliz,,,,,,
Yorba,7/18/2021,Double Surrey,Brake adjustment all double and single surreys,,,Done,,1,Jonathan,Down,7/18/2021,Jonathan Soliz,,,,,,
Warner,7/18/2021,Quad Sport,Rear chain fell off,,,Done,,1748,Coco,Down,7/22/2021,Jonathan Soliz,,,,,,
Warner,7/18/2021,Quad Sport,Right front tire is flat and rim cracked /back tire popped,,,Done,,1749,Coco,Down,7/24/2021,Jonathan Soliz,,,,,,
Warner,7/18/2021,Deuce Coupe,Front tire is missing a bolt and is wiggling,,,Done,,1798,Coco,Down,7/22/2021,Jonathan Soliz,,,,,,
Warner,7/18/2021,Deuce Coupe,Backseat broken,,,Done,,8483,Coco,Down,7/28/2021,Robert Mounce,,"July 27, 2021 12:00 PM-12:30 PM",,,,
Edinger,7/18/2021,Quad Sport,Flat tire front right,,,Done,,1,Nathan,Down,7/21/2021,Robert Mounce,Robert Mounce,"July 21, 2021",,,,
Warner,7/18/2021,Cruiser,Broken kickstand,,,Done,,7369,Coco,Down,7/22/2021,Jonathan Soliz,,,,,,
Warner,7/18/2021,Double Surrey,Rear pedal passenger,,,Planned,,7310,Coco,Down,7/28/2021,Robert Mounce,,,,,,
Warner,7/18/2021,Double Surrey,Brake lever wire needs to be tightened,,,Done,,1799,Coco,Down,7/18/2021,Jonathan Soliz,,,,,,
Warner,7/18/2021,Tandem,Sprocket came off,,,"Needs to be Ordered, To Be Looked At",https://www.notion.so/tandem-sprocket-nut-allen-cfebd81d901143eea80c789a774eadbc,7322,Coco,Down,7/28/2021,Robert Mounce,,"July 27, 2021 11:45 AM-12:15 PM",,,,
Waterfront,7/18/2021,Deuce Coupe,Passenger side petals won’t break,,,,,1,Jazmeen Gonzales,Mechanics Attention,7/18/2021,Google Forms to Notion,,,,,,
Yorba,7/19/2021,Quad Sport,Front right tire popped,,,Done,,3,Angel,Down,7/27/2021,Jonathan Soliz,,,,,,
Yorba,7/20/2021,Double Surrey,Popped tire,,,Done,,1,Ruben,Down,7/24/2021,Jonathan Soliz,,,,,,
Yorba,7/20/2021,Double Surrey,Brake cable fraying,,,,,2,Nathan,,7/20/2021,Robert Mounce,,,,,,
Yorba,7/20/2021,Double Surrey,Broken front wheel,,,Needs to be Ordered,https://www.notion.so/Surrey-Front-Rim-358691b2b5944ca4ab5357e455a5c75b,6,Ruben,Down,7/28/2021,Robert Mounce,,,,1,,1
Waterfront,7/20/2021,Cruiser,Popped tire,,,Done,,1,Jonathan.,Down,7/20/2021,Jonathan Soliz,,,,,,
Waterfront,7/20/2021,Cruiser,Popped tire,,,Done,,7,Jonathan,Down,7/20/2021,Jonathan Soliz,,,,,,
Edinger,7/22/2021,Double Surrey,Driver front side chain skipping,,,,,5,Norma,,7/22/2021,Robert Mounce,,,,,,
Yorba,7/23/2021,Quad Sport,Chain loose,,,,,4,Angel,Down,7/23/2021,Robert Mounce,,,,,,
Waterfront,7/23/2021,Single Surrey,Broken peddle on the right side,,,Done,,6,Angelique,Down,7/26/2021,Robert Mounce,,,,,,
Waterfront,7/23/2021,Single Surrey,Front flat tire passenger side,,,Done,,4,Ally,Down,7/26/2021,Robert Mounce,,,,,,
Waterfront,7/24/2021,Cruiser,Broken chain,,,,,5 (it’s faded),Jazmeen,Mechanics Attention,7/24/2021,Google Forms to Notion,,,,,,
Edinger,7/24/2021,Single Surrey,Pedal fell off,,,"Done, Planned",,7,Edwin,Down,8/12/2021,Robert Mounce,Robert Mounce,"July 27, 2021 10:30 AM-11:00 AM",,,,
Waterfront,7/24/2021,Double Surrey,Brake needs to be tightened,,,,,2,Angelique Gonzales,Mechanics Attention,7/24/2021,Google Forms to Notion,,,,,,
Warner,7/25/2021,Double Surrey,Front Driver Sprocket Replacement,Front sprocket reply,,Planned,,8483,Coco,Down,7/28/2021,Robert Mounce,,,,,,
Warner,7/25/2021,Single Surrey,Passenger side chain fell off,,,"Done, Planned",,1747,Coco,Down,7/28/2021,Robert Mounce,Robert Mounce,"July 27, 2021 12:15 PM-12:45 PM",,,,
Warner,7/27/2021,,Order,,,Planned,,,,,7/27/2021,Robert Mounce,,"July 27, 2021 12:30 PM-1:30 PM",,,,
Edinger,7/27/2021,,Order,,,Planned,,,,,7/27/2021,Robert Mounce,Robert Mounce,"July 27, 2021 9:15 AM-9:30 AM",,,,
Waterfront,7/27/2021,Cruiser,The back wheel keeps hitting the bottom frame,,,Done,,5,Angelique Gonzales,Down,7/29/2021,Jonathan Soliz,,,,,,
Edinger,7/27/2021,Double Surrey,Chain fell off,,,,,6,,Down,7/27/2021,Robert Mounce,,,,,,
Edinger,7/27/2021,Double Surrey,Frame damage,,Maintenance%20Board%20f707a518e7264cea97a5acf15603dbb0/image%206.jpg,,,2,,Down,7/27/2021,Robert Mounce,,,,,,
Yorba,7/27/2021,Deuce Coupe,Steering bar loose,,,Done,,3,Jonathan,Down,7/27/2021,Jonathan Soliz,,,,,,
Yorba,7/27/2021,Chopper,Popped back tire and tire ripped,,,Done,,2,Jonathan,Down,7/27/2021,Jonathan Soliz,,,,,,
Yorba,7/27/2021,Double Surrey,Popped front tire,,,Done,,5,Jonathan,Down,7/27/2021,Jonathan Soliz,,,,,,
Yorba,7/27/2021,Single Surrey,Crank fell off,,,Done,,2,Jon,Down,7/27/2021,Jonathan Soliz,,,,,,
Waterfront,7/28/2021,Deuce Coupe,left side doesn’t pedal,,,Done,,N/a,Bryant Amador,Down,7/29/2021,Jonathan Soliz,,,,,,
Waterfront,7/28/2021,Double Surrey,squeaky,,,,,2,Bryant Amador,Down,7/28/2021,Google Forms to Notion,,,,,,
Edinger,7/29/2021,Double Surrey,Brake cable broken off hand brake,,,,,9,Brandon Ortega,Down,7/29/2021,Robert Mounce,,,,,,
Yorba,7/29/2021,Quad Sport,Back Chain is lose,,,,,Na,Ruben,Down,7/29/2021,Robert Mounce,,,,,,
Yorba,7/29/2021,Chopper,Chain is stuck,,,,,Na,Ruben,Down,7/29/2021,Robert Mounce,,,,,,
Waterfront,7/29/2021,Quad Sport,Two bald tires,,,Done,,1,Jon,Down,7/29/2021,Jonathan Soliz,,,,,,
Yorba,7/31/2021,Double Surrey,Break cable broke,,,Done,,2,Angel,Down,8/1/2021,Jonathan Soliz,,,,,,
Edinger,7/31/2021,Swan Boat,The boat is sinking on the left side,,,,,7,Brandon Ortega,Down,7/31/2021,Robert Mounce,,,,,,
Waterfront,7/31/2021,Double Surrey,right side does not pedal,,,,,5,Bryant,Down,7/31/2021,Google Forms to Notion,,,,,,
Waterfront,7/31/2021,Chopper,loose chain,,,Done,,2,Bryant,Down,10/5/2021,Robert Mounce,,,,,,
Waterfront,8/2/2021,Quad Sport,Peddles keep locking up while riding,,,,,N/A,Angelique Gonzales,Down,8/2/2021,Google Forms to Notion,,,,,,
Waterfront,8/5/2021,Quad Sport,Peddles keep locking up while riding,,,,,N/A,Angelique Gonzales,Down,8/5/2021,Google Forms to Notion,,,,,,
Waterfront,8/5/2021,Single Surrey,Very difficult to steer (stiff),,,,,3,Angelique,Mechanics Attention,8/5/2021,Google Forms to Notion,,,,,,
Edinger,8/6/2021,Chopper,Flat tire,,,,,2,Lissette,Down,8/6/2021,Robert Mounce,,,,,,
Edinger,8/6/2021,Deuce Coupe,Tire fell out,,,,,1,Lissette,Down,8/6/2021,Robert Mounce,,,,,,
Yorba,8/8/2021,Double Surrey,Front right tire completely flat,,,,,1,Angel,Down,8/8/2021,Robert Mounce,,,,,,
Edinger,8/8/2021,Deuce Coupe,Crank fell off(no tool to fix),,,,,2,Norma,Down,8/8/2021,Robert Mounce,,,,,,
Yorba,8/9/2021,Swan Boat,Tilting into water on one side,,,,,7,Angel,Down,8/9/2021,Robert Mounce,,,,,,
Yorba,8/9/2021,Double Surrey,Left-side chain won't move,,,,,4,Angel,Down,8/9/2021,Robert Mounce,,,,,,
Edinger,8/11/2021,Quad Sport,Front left tire is flat,,,,,1,Edwin solano,Down,8/11/2021,Robert Mounce,,,,,,
Edinger,8/13/2021,Double Surrey,Left chain broke off,,,,,#6,Edwin,Down,8/13/2021,Robert Mounce,,,,,,
Edinger,8/14/2021,Double Surrey,No chain on driver side,,,,,6,Lissette,Down,8/14/2021,Robert Mounce,,,,,,
Yorba,8/14/2021,Deuce Coupe,Chain fell off,,,,,1,Angel,Down,8/14/2021,Robert Mounce,,,,,,
Edinger,8/15/2021,Quad Sport,Right front tire popped,,,,,1,Edwin,Down,8/15/2021,Robert Mounce,,,,,,
Waterfront,8/24/2021,Cruiser,The back wheel keeps hitting the bottom frame,,,,,5,Angelique Gonzales,Down,8/24/2021,Google Forms to Notion,,,,,,
Edinger,8/28/2021,Swan Boat,Sinking,,,,,6,Edwin,Down,8/28/2021,Robert Mounce,,,,,,
Yorba,9/5/2021,Double Surrey,Back right tire flat,,,,,5,Angel,Down,9/5/2021,Robert Mounce,,,,,,
Yorba,9/19/2021,Quad Sport,Front right tire completely flat,,,,,3,Angel,Down,9/19/2021,Robert Mounce,,,,,,
,,,,,,,,,,,,,,,,,,
,,,,,,,,,,,,,,,,,,
,,,,,,,,,,,,,,,,,,
,,,,,,,,,,,,,,,,,,
,,,,,,,,,,,,,,,,,,
,,,,,,,,,,,,,,,,,,
,,,,,,,,,,,,,,,,,,
,,,,,,,,,,,,,,,,,,
,,,,,,,,,,,,,,,,,,
,,,,,,,,,,,,,,,,,,
,,,,,,,,,,,,,,,,,,
,,,,,,,,,,,,,,,,,,
,,,,,,,,,,,,,,,,,,
,,,,,,,,,,,,,,,,,,
,,,,,,,,,,,,,,,,,,
,,,,,,,,,,,,,,,,,,
,,,,,,,,,,,,,,,,,,
,,,,,,,,,,,,,,,,,,
,,,,,,,,,,,,,,,,,,
,,,,,,,,,,,,,,,,,,
,,,,,,,,,,,,,,,,,,
,,,,,,,,,,,,,,,,,,
,,,,,,,,,,,,,,,,,,
,,,,,,,,,,,,,,,,,,
,,,,,,,,,,,,,,,,,,
,,,,,,,,,,,,,,,,,,
,,,,,,,,,,,,,,,,,,
,,,,,,,,,,,,,,,,,,
,,,,,,,,,,,,,,,,,,
,,,,,,,,,,,,,,,,,,
,,,,,,,,,,,,,,,,,,
,,,,,,,,,,,,,,,,,,
,,,,,,,,,,,,,,,,,,
,,,,,,,,,,,,,,,,,,
,,,,,,,,,,,,,,,,,,
,,,,,,,,,,,,,,,,,,
,,,,,,,,,,,,,,,,,,
,,,,,,,,,,,,,,,,,,
,,,,,,,,,,,,,,,,,,
,,,,,,,,,,,,,,,,,,
,,,,,,,,,,,,,,,,,,
,,,,,,,,,,,,,,,,,,
,,,,,,,,,,,,,,,,,,
,,,,,,,,,,,,,,,,,,
,,,,,,,,,,,,,,,,,,
,,,,,,,,,,,,,,,,,,
,,,,,,,,,,,,,,,,,,
,,,,,,,,,,,,,,,,,,
,,,,,,,,,,,,,,,,,,
,,,,,,,,,,,,,,,,,,
,,,,,,,,,,,,,,,,,,
,,,,,,,,,,,,,,,,,,
,,,,,,,,,,,,,,,,,,
,,,,,,,,,,,,,,,,,,
,,,,,,,,,,,,,,,,,,
,,,,,,,,,,,,,,,,,,
,,,,,,,,,,,,,,,,,,
,,,,,,,,,,,,,,,,,,
,,,,,,,,,,,,,,,,,,
,,,,,,,,,,,,,,,,,,
,,,,,,,,,,,,,,,,,,
,,,,,,,,,,,,,,,,,,
,,,,,,,,,,,,,,,,,,
,,,,,,,,,,,,,,,,,,
,,,,,,,,,,,,,,,,,,
,,,,,,,,,,,,,,,,,,
,,,,,,,,,,,,,,,,,,
,,,,,,,,,,,,,,,,,,
,,,,,,,,,,,,,,,,,,
,,,,,,,,,,,,,,,,,,
,,,,,,,,,,,,,,,,,,
,,,,,,,,,,,,,,,,,,
,,,,,,,,,,,,,,,,,,
,,,,,,,,,,,,,,,,,,
,,,,,,,,,,,,,,,,,,
,,,,,,,,,,,,,,,,,,
,,,,,,,,,,,,,,,,,,
,,,,,,,,,,,,,,,,,,
,,,,,,,,,,,,,,,,,,
,,,,,,,,,,,,,,,,,,
,,,,,,,,,,,,,,,,,,
,,,,,,,,,,,,,,,,,,
,,,,,,,,,,,,,,,,,,
,,,,,,,,,,,,,,,,,,
,,,,,,,,,,,,,,,,,,
,,,,,,,,,,,,,,,,,,
,,,,,,,,,,,,,,,,,,
,,,,,,,,,,,,,,,,,,
,,,,,,,,,,,,,,,,,,
,,,,,,,,,,,,,,,,,,
,,,,,,,,,,,,,,,,,,
,,,,,,,,,,,,,,,,,,
,,,,,,,,,,,,,,,,,,
,,,,,,,,,,,,,,,,,,
,,,,,,,,,,,,,,,,,,
,,,,,,,,,,,,,,,,,,
,,,,,,,,,,,,,,,,,,
,,,,,,,,,,,,,,,,,,
,,,,,,,,,,,,,,,,,,
,,,,,,,,,,,,,,,,,,
,,,,,,,,,,,,,,,,,,
,,,,,,,,,,,,,,,,,,
,,,,,,,,,,,,,,,,,,
,,,,,,,,,,,,,,,,,,
,,,,,,,,,,,,,,,,,,
,,,,,,,,,,,,,,,,,,
,,,,,,,,,,,,,,,,,,
,,,,,,,,,,,,,,,,,,
,,,,,,,,,,,,,,,,,,
,,,,,,,,,,,,,,,,,,
,,,,,,,,,,,,,,,,,,
,,,,,,,,,,,,,,,,,,
,,,,,,,,,,,,,,,,,,
,,,,,,,,,,,,,,,,,,
,,,,,,,,,,,,,,,,,,
,,,,,,,,,,,,,,,,,,
,,,,,,,,,,,,,,,,,,
,,,,,,,,,,,,,,,,,,
,,,,,,,,,,,,,,,,,,
,,,,,,,,,,,,,,,,,,
,,,,,,,,,,,,,,,,,,
,,,,,,,,,,,,,,,,,,
,,,,,,,,,,,,,,,,,,
,,,,,,,,,,,,,,,,,,
,,,,,,,,,,,,,,,,,,
,,,,,,,,,,,,,,,,,,
,,,,,,,,,,,,,,,,,,
,,,,,,,,,,,,,,,,,,
,,,,,,,,,,,,,,,,,,
,,,,,,,,,,,,,,,,,,
,,,,,,,,,,,,,,,,,,
,,,,,,,,,,,,,,,,,,
,,,,,,,,,,,,,,,,,,
,,,,,,,,,,,,,,,,,,
,,,,,,,,,,,,,,,,,,
,,,,,,,,,,,,,,,,,,
,,,,,,,,,,,,,,,,,,
,,,,,,,,,,,,,,,,,,
,,,,,,,,,,,,,,,,,,
,,,,,,,,,,,,,,,,,,
,,,,,,,,,,,,,,,,,,
,,,,,,,,,,,,,,,,,,
,,,,,,,,,,,,,,,,,,
,,,,,,,,,,,,,,,,,,
,,,,,,,,,,,,,,,,,,
,,,,,,,,,,,,,,,,,,
,,,,,,,,,,,,,,,,,,
,,,,,,,,,,,,,,,,,,
,,,,,,,,,,,,,,,,,,
,,,,,,,,,,,,,,,,,,
,,,,,,,,,,,,,,,,,,
,,,,,,,,,,,,,,,,,,
,,,,,,,,,,,,,,,,,,
,,,,,,,,,,,,,,,,,,
,,,,,,,,,,,,,,,,,,
,,,,,,,,,,,,,,,,,,
,,,,,,,,,,,,,,,,,,
,,,,,,,,,,,,,,,,,,
,,,,,,,,,,,,,,,,,,
,,,,,,,,,,,,,,,,,,
,,,,,,,,,,,,,,,,,,
,,,,,,,,,,,,,,,,,,
,,,,,,,,,,,,,,,,,,
,,,,,,,,,,,,,,,,,,
,,,,,,,,,,,,,,,,,,
,,,,,,,,,,,,,,,,,,
,,,,,,,,,,,,,,,,,,
,,,,,,,,,,,,,,,,,,
,,,,,,,,,,,,,,,,,,
,,,,,,,,,,,,,,,,,,
,,,,,,,,,,,,,,,,,,
,,,,,,,,,,,,,,,,,,
,,,,,,,,,,,,,,,,,,
,,,,,,,,,,,,,,,,,,
,,,,,,,,,,,,,,,,,,
,,,,,,,,,,,,,,,,,,
,,,,,,,,,,,,,,,,,,
,,,,,,,,,,,,,,,,,,
,,,,,,,,,,,,,,,,,,
,,,,,,,,,,,,,,,,,,
,,,,,,,,,,,,,,,,,,
,,,,,,,,,,,,,,,,,,
,,,,,,,,,,,,,,,,,,
,,,,,,,,,,,,,,,,,,
,,,,,,,,,,,,,,,,,,
,,,,,,,,,,,,,,,,,,
,,,,,,,,,,,,,,,,,,
,,,,,,,,,,,,,,,,,,
,,,,,,,,,,,,,,,,,,
,,,,,,,,,,,,,,,,,,
,,,,,,,,,,,,,,,,,,
,,,,,,,,,,,,,,,,,,
,,,,,,,,,,,,,,,,,,
,,,,,,,,,,,,,,,,,,
,,,,,,,,,,,,,,,,,,
,,,,,,,,,,,,,,,,,,
,,,,,,,,,,,,,,,,,,
,,,,,,,,,,,,,,,,,,
,,,,,,,,,,,,,,,,,,
,,,,,,,,,,,,,,,,,,
,,,,,,,,,,,,,,,,,,
,,,,,,,,,,,,,,,,,,
,,,,,,,,,,,,,,,,,,
,,,,,,,,,,,,,,,,,,
,,,,,,,,,,,,,,,,,,
,,,,,,,,,,,,,,,,,,
,,,,,,,,,,,,,,,,,,
,,,,,,,,,,,,,,,,,,
,,,,,,,,,,,,,,,,,,
,,,,,,,,,,,,,,,,,,
,,,,,,,,,,,,,,,,,,
,,,,,,,,,,,,,,,,,,
,,,,,,,,,,,,,,,,,,
,,,,,,,,,,,,,,,,,,
,,,,,,,,,,,,,,,,,,
,,,,,,,,,,,,,,,,,,
,,,,,,,,,,,,,,,,,,
,,,,,,,,,,,,,,,,,,
,,,,,,,,,,,,,,,,,,
,,,,,,,,,,,,,,,,,,
,,,,,,,,,,,,,,,,,,
,,,,,,,,,,,,,,,,,,
,,,,,,,,,,,,,,,,,,
,,,,,,,,,,,,,,,,,,
,,,,,,,,,,,,,,,,,,
,,,,,,,,,,,,,,,,,,
,,,,,,,,,,,,,,,,,,
,,,,,,,,,,,,,,,,,,
,,,,,,,,,,,,,,,,,,
,,,,,,,,,,,,,,,,,,
,,,,,,,,,,,,,,,,,,
,,,,,,,,,,,,,,,,,,
,,,,,,,,,,,,,,,,,,
,,,,,,,,,,,,,,,,,,
,,,,,,,,,,,,,,,,,,
,,,,,,,,,,,,,,,,,,
,,,,,,,,,,,,,,,,,,
,,,,,,,,,,,,,,,,,,
,,,,,,,,,,,,,,,,,,
,,,,,,,,,,,,,,,,,,
,,,,,,,,,,,,,,,,,,
,,,,,,,,,,,,,,,,,,
,,,,,,,,,,,,,,,,,,
,,,,,,,,,,,,,,,,,,
,,,,,,,,,,,,,,,,,,
,,,,,,,,,,,,,,,,,,
,,,,,,,,,,,,,,,,,,
,,,,,,,,,,,,,,,,,,
,,,,,,,,,,,,,,,,,,
,,,,,,,,,,,,,,,,,,
,,,,,,,,,,,,,,,,,,
,,,,,,,,,,,,,,,,,,
,,,,,,,,,,,,,,,,,,
,,,,,,,,,,,,,,,,,,
,,,,,,,,,,,,,,,,,,
,,,,,,,,,,,,,,,,,,
,,,,,,,,,,,,,,,,,,
,,,,,,,,,,,,,,,,,,
,,,,,,,,,,,,,,,,,,
,,,,,,,,,,,,,,,,,,
,,,,,,,,,,,,,,,,,,
,,,,,,,,,,,,,,,,,,
,,,,,,,,,,,,,,,,,,
,,,,,,,,,,,,,,,,,,
,,,,,,,,,,,,,,,,,,
,,,,,,,,,,,,,,,,,,
,,,,,,,,,,,,,,,,,,
,,,,,,,,,,,,,,,,,,
,,,,,,,,,,,,,,,,,,
,,,,,,,,,,,,,,,,,,
,,,,,,,,,,,,,,,,,,
,,,,,,,,,,,,,,,,,,
,,,,,,,,,,,,,,,,,,
,,,,,,,,,,,,,,,,,,
,,,,,,,,,,,,,,,,,,
,,,,,,,,,,,,,,,,,,
,,,,,,,,,,,,,,,,,,
,,,,,,,,,,,,,,,,,,
,,,,,,,,,,,,,,,,,,
,,,,,,,,,,,,,,,,,,
,,,,,,,,,,,,,,,,,,
,,,,,,,,,,,,,,,,,,
,,,,,,,,,,,,,,,,,,
,,,,,,,,,,,,,,,,,,
,,,,,,,,,,,,,,,,,,
,,,,,,,,,,,,,,,,,,
,,,,,,,,,,,,,,,,,,
,,,,,,,,,,,,,,,,,,
,,,,,,,,,,,,,,,,,,
,,,,,,,,,,,,,,,,,,
,,,,,,,,,,,,,,,,,,
,,,,,,,,,,,,,,,,,,
,,,,,,,,,,,,,,,,,,
,,,,,,,,,,,,,,,,,,
,,,,,,,,,,,,,,,,,,
,,,,,,,,,,,,,,,,,,
,,,,,,,,,,,,,,,,,,
,,,,,,,,,,,,,,,,,,
,,,,,,,,,,,,,,,,,,
,,,,,,,,,,,,,,,,,,
,,,,,,,,,,,,,,,,,,
,,,,,,,,,,,,,,,,,,
,,,,,,,,,,,,,,,,,,
,,,,,,,,,,,,,,,,,,
,,,,,,,,,,,,,,,,,,
,,,,,,,,,,,,,,,,,,
,,,,,,,,,,,,,,,,,,
,,,,,,,,,,,,,,,,,,
,,,,,,,,,,,,,,,,,,
,,,,,,,,,,,,,,,,,,
,,,,,,,,,,,,,,,,,,
,,,,,,,,,,,,,,,,,,
,,,,,,,,,,,,,,,,,,
,,,,,,,,,,,,,,,,,,
,,,,,,,,,,,,,,,,,,
,,,,,,,,,,,,,,,,,,
,,,,,,,,,,,,,,,,,,
,,,,,,,,,,,,,,,,,,
,,,,,,,,,,,,,,,,,,
,,,,,,,,,,,,,,,,,,
,,,,,,,,,,,,,,,,,,
,,,,,,,,,,,,,,,,,,
,,,,,,,,,,,,,,,,,,
,,,,,,,,,,,,,,,,,,
,,,,,,,,,,,,,,,,,,
,,,,,,,,,,,,,,,,,,
,,,,,,,,,,,,,,,,,,
,,,,,,,,,,,,,,,,,,
,,,,,,,,,,,,,,,,,,
,,,,,,,,,,,,,,,,,,
,,,,,,,,,,,,,,,,,,
,,,,,,,,,,,,,,,,,,
,,,,,,,,,,,,,,,,,,
,,,,,,,,,,,,,,,,,,
,,,,,,,,,,,,,,,,,,
,,,,,,,,,,,,,,,,,,
,,,,,,,,,,,,,,,,,,
,,,,,,,,,,,,,,,,,,
,,,,,,,,,,,,,,,,,,
,,,,,,,,,,,,,,,,,,
,,,,,,,,,,,,,,,,,,
,,,,,,,,,,,,,,,,,,
,,,,,,,,,,,,,,,,,,
,,,,,,,,,,,,,,,,,,
,,,,,,,,,,,,,,,,,,
,,,,,,,,,,,,,,,,,,
,,,,,,,,,,,,,,,,,,
,,,,,,,,,,,,,,,,,,
,,,,,,,,,,,,,,,,,,
,,,,,,,,,,,,,,,,,,
,,,,,,,,,,,,,,,,,,
,,,,,,,,,,,,,,,,,,
,,,,,,,,,,,,,,,,,,
,,,,,,,,,,,,,,,,,,
,,,,,,,,,,,,,,,,,,
,,,,,,,,,,,,,,,,,,
,,,,,,,,,,,,,,,,,,
,,,,,,,,,,,,,,,,,,
,,,,,,,,,,,,,,,,,,
,,,,,,,,,,,,,,,,,,
,,,,,,,,,,,,,,,,,,
,,,,,,,,,,,,,,,,,,
,,,,,,,,,,,,,,,,,,
,,,,,,,,,,,,,,,,,,
,,,,,,,,,,,,,,,,,,
,,,,,,,,,,,,,,,,,,
,,,,,,,,,,,,,,,,,,
,,,,,,,,,,,,,,,,,,
,,,,,,,,,,,,,,,,,,
,,,,,,,,,,,,,,,,,,
,,,,,,,,,,,,,,,,,,
,,,,,,,,,,,,,,,,,,
,,,,,,,,,,,,,,,,,,
,,,,,,,,,,,,,,,,,,
,,,,,,,,,,,,,,,,,,
,,,,,,,,,,,,,,,,,,
,,,,,,,,,,,,,,,,,,
,,,,,,,,,,,,,,,,,,
,,,,,,,,,,,,,,,,,,
,,,,,,,,,,,,,,,,,,
,,,,,,,,,,,,,,,,,,
,,,,,,,,,,,,,,,,,,
,,,,,,,,,,,,,,,,,,
,,,,,,,,,,,,,,,,,,
,,,,,,,,,,,,,,,,,,
,,,,,,,,,,,,,,,,,,
,,,,,,,,,,,,,,,,,,
,,,,,,,,,,,,,,,,,,
,,,,,,,,,,,,,,,,,,
,,,,,,,,,,,,,,,,,,
,,,,,,,,,,,,,,,,,,
,,,,,,,,,,,,,,,,,,
,,,,,,,,,,,,,,,,,,
,,,,,,,,,,,,,,,,,,
,,,,,,,,,,,,,,,,,,
,,,,,,,,,,,,,,,,,,
,,,,,,,,,,,,,,,,,,
,,,,,,,,,,,,,,,,,,
,,,,,,,,,,,,,,,,,,
,,,,,,,,,,,,,,,,,,
,,,,,,,,,,,,,,,,,,
,,,,,,,,,,,,,,,,,,
,,,,,,,,,,,,,,,,,,
,,,,,,,,,,,,,,,,,,
,,,,,,,,,,,,,,,,,,
,,,,,,,,,,,,,,,,,,
,,,,,,,,,,,,,,,,,,
,,,,,,,,,,,,,,,,,,
,,,,,,,,,,,,,,,,,,
,,,,,,,,,,,,,,,,,,
,,,,,,,,,,,,,,,,,,
,,,,,,,,,,,,,,,,,,
,,,,,,,,,,,,,,,,,,
,,,,,,,,,,,,,,,,,,
,,,,,,,,,,,,,,,,,,
,,,,,,,,,,,,,,,,,,
,,,,,,,,,,,,,,,,,,
,,,,,,,,,,,,,,,,,,
,,,,,,,,,,,,,,,,,,
,,,,,,,,,,,,,,,,,,
,,,,,,,,,,,,,,,,,,
,,,,,,,,,,,,,,,,,,
,,,,,,,,,,,,,,,,,,
,,,,,,,,,,,,,,,,,,
,,,,,,,,,,,,,,,,,,
,,,,,,,,,,,,,,,,,,
,,,,,,,,,,,,,,,,,,
,,,,,,,,,,,,,,,,,,
,,,,,,,,,,,,,,,,,,
,,,,,,,,,,,,,,,,,,
,,,,,,,,,,,,,,,,,,
,,,,,,,,,,,,,,,,,,
,,,,,,,,,,,,,,,,,,
,,,,,,,,,,,,,,,,,,
,,,,,,,,,,,,,,,,,,
,,,,,,,,,,,,,,,,,,
,,,,,,,,,,,,,,,,,,
,,,,,,,,,,,,,,,,,,
,,,,,,,,,,,,,,,,,,
,,,,,,,,,,,,,,,,,,
,,,,,,,,,,,,,,,,,,
,,,,,,,,,,,,,,,,,,
,,,,,,,,,,,,,,,,,,
,,,,,,,,,,,,,,,,,,
,,,,,,,,,,,,,,,,,,
,,,,,,,,,,,,,,,,,,
,,,,,,,,,,,,,,,,,,
,,,,,,,,,,,,,,,,,,
,,,,,,,,,,,,,,,,,,
,,,,,,,,,,,,,,,,,,
,,,,,,,,,,,,,,,,,,
,,,,,,,,,,,,,,,,,,
,,,,,,,,,,,,,,,,,,
,,,,,,,,,,,,,,,,,,
,,,,,,,,,,,,,,,,,,
,,,,,,,,,,,,,,,,,,
,,,,,,,,,,,,,,,,,,
,,,,,,,,,,,,,,,,,,
,,,,,,,,,,,,,,,,,,